timestamp,user_id,user_role,mfa_verified,request_source,ip_country,action_type,resource_type,is_public_exposed,privilege_level
2025-06-17 15:59:09,dev-032,SRE,1,Console,JP,git_push_commit,VPC,0,1
2025-06-17 13:31:50,dev-031,Developer,1,CI-CD,UK,lambda_update_config,S3-Bucket,0,3
2025-06-17 09:22:59,dev-033,Developer,1,CI-CD,IN,s3_put_bucket_policy,EC2-Instance,0,4
2025-06-17 14:27:30,dev-025,Developer,1,CI-CD,DE,ec2_modify_sg,EC2-Instance,0,2
2025-06-17 05:19:54,unknown-777,Unknown-Role,0,Console,CN,bypass_ci_cd_clickops,Lambda-Function,1,4
2025-06-17 13:00:25,dev-013,SRE,1,CI-CD,US,lambda_update_config,RDS-DB,0,4
2025-06-17 09:53:23,dev-033,Senior-Dev,1,Console,JP,git_push_commit,VPC,0,4
2025-06-17 13:38:16,ci-bot-2,Developer,1,CI-CD,JP,s3_put_bucket_policy,VPC,0,3
2025-06-17 18:51:19,dev-047,Developer,1,Console,UK,s3_put_bucket_policy,S3-Bucket,0,4
2025-06-17 09:09:19,dev-027,Senior-Dev,1,Console,UK,ec2_modify_sg,RDS-DB,0,1
2025-06-17 15:15:47,dev-003,Senior-Dev,1,Console,IN,lambda_update_config,Lambda-Function,0,4
2025-06-17 15:01:24,dev-022,DevOps,1,Console,UK,rds_modify_instance,S3-Bucket,0,4
2025-06-17 19:21:55,dev-015,Developer,1,CI-CD,JP,rds_modify_instance,CloudFormation-Stack,0,4
2025-06-17 03:44:15,dev-037,DevOps,1,Console,US,git_pr_merge,RDS-DB,0,4
2025-06-17 15:07:24,dev-019,DevOps,1,CI-CD,JP,lambda_update_config,VPC,0,4
2025-06-17 15:26:21,dev-011,Developer,1,CI-CD,UK,rds_modify_instance,VPC,0,1
2025-06-17 15:56:44,dev-009,SRE,1,CI-CD,JP,git_pr_merge,S3-Bucket,0,3
2025-06-17 12:00:46,dev-028,Senior-Dev,1,CI-CD,UK,iam_attach_role,VPC,0,1
2025-06-17 11:51:47,dev-038,Senior-Dev,1,CI-CD,IN,iam_attach_role,RDS-DB,0,4
2025-06-17 16:08:46,dev-049,Developer,1,CI-CD,US,s3_put_bucket_policy,CloudFormation-Stack,0,1
2025-06-17 17:16:58,dev-024,DevOps,1,Console,DE,git_pr_merge,Lambda-Function,0,4
2025-06-17 16:23:39,dev-049,DevOps,1,Console,UK,git_push_commit,VPC,0,2
2025-06-17 15:26:03,dev-014,DevOps,1,Console,US,cloudformation_deploy,Lambda-Function,0,1
2025-06-17 19:30:06,dev-044,Senior-Dev,1,CI-CD,UK,cloudformation_deploy,RDS-DB,0,4
2025-06-17 10:10:23,dev-039,Developer,1,CI-CD,DE,s3_put_bucket_policy,Lambda-Function,0,4
2025-06-17 15:17:38,dev-017,DevOps,0,Console,UK,rds_modify_instance,EC2-Instance,0,1
2025-06-17 17:17:17,ci-bot-5,SRE,1,CI-CD,UK,iam_attach_role,RDS-DB,0,4
2025-06-17 14:23:37,dev-042,Developer,1,CI-CD,UK,rds_modify_instance,Lambda-Function,0,3
2025-06-17 05:22:10,ci-bot-5,Senior-Dev,1,CI-CD,IN,ec2_modify_sg,VPC,0,2
2025-06-17 08:34:42,dev-050,Developer,1,CI-CD,DE,rds_modify_instance,IAM-Role,0,4
2025-06-17 16:48:09,dev-026,Senior-Dev,1,Console,JP,lambda_update_config,VPC,0,4
2025-06-17 15:28:22,dev-050,SRE,1,CI-CD,IN,s3_put_bucket_policy,CloudFormation-Stack,0,3
2025-06-17 10:20:35,dev-001,Developer,1,CI-CD,US,rds_modify_instance,S3-Bucket,0,4
2025-06-17 09:48:58,dev-020,Senior-Dev,1,CI-CD,JP,ebs_create_snapshot,EC2-Instance,0,4
2025-06-17 18:51:19,dev-018,SRE,1,CI-CD,UK,ec2_modify_sg,IAM-Role,0,3
2025-06-17 16:43:43,dev-035,Developer,1,CI-CD,US,cloudformation_deploy,RDS-DB,0,3
2025-06-17 12:46:45,dev-025,DevOps,1,CI-CD,DE,ebs_create_snapshot,CloudFormation-Stack,0,2
2025-06-17 13:38:49,ci-bot-5,SRE,1,CI-CD,IN,s3_put_bucket_policy,S3-Bucket,0,2
2025-06-17 16:17:51,dev-006,DevOps,1,CI-CD,UK,rds_modify_instance,EC2-Instance,0,3
2025-06-17 18:43:09,dev-004,Senior-Dev,1,Console,US,cloudformation_deploy,EC2-Instance,0,2
2025-06-17 19:17:34,dev-019,Developer,1,CI-CD,JP,iam_attach_role,S3-Bucket,0,1
2025-06-17 14:36:58,dev-014,Developer,1,Console,UK,ebs_create_snapshot,CloudFormation-Stack,0,1
2025-06-17 18:20:27,dev-048,Developer,1,Console,US,ec2_modify_sg,CloudFormation-Stack,0,2
2025-06-17 16:19:21,dev-032,DevOps,1,CI-CD,DE,git_pr_merge,RDS-DB,0,3
2025-06-17 16:38:30,dev-005,SRE,1,CI-CD,UK,lambda_update_config,S3-Bucket,0,1
2025-06-17 12:30:55,dev-034,SRE,1,Console,JP,s3_put_bucket_policy,S3-Bucket,0,4
2025-06-17 08:13:36,dev-044,SRE,1,Console,DE,s3_put_bucket_policy,IAM-Role,0,3
2025-06-17 12:55:04,dev-050,SRE,1,CI-CD,IN,git_pr_merge,S3-Bucket,0,1
2025-06-17 08:11:29,dev-038,Senior-Dev,1,CI-CD,DE,iam_attach_role,RDS-DB,0,1
2025-06-17 19:07:11,dev-021,Senior-Dev,1,Console,JP,cloudformation_deploy,EC2-Instance,0,4
2025-06-17 13:38:03,dev-050,SRE,1,CI-CD,DE,s3_put_bucket_policy,CloudFormation-Stack,0,3
2025-06-17 18:06:28,dev-048,SRE,1,CI-CD,IN,git_push_commit,EC2-Instance,0,1
2025-06-17 07:19:15,dev-014,Developer,0,CI-CD,DE,git_pr_merge,RDS-DB,0,2
2025-06-17 15:42:59,dev-005,DevOps,1,CI-CD,JP,git_pr_merge,EC2-Instance,0,2
2025-06-17 05:01:21,ci-bot-3,SRE,1,Console,US,lambda_update_config,IAM-Role,0,3
2025-06-17 19:12:47,dev-042,Developer,1,Console,US,iam_attach_role,Lambda-Function,0,4
2025-06-17 18:48:53,dev-042,Developer,1,CI-CD,UK,ec2_modify_sg,IAM-Role,0,1
2025-06-17 00:07:03,hacker-666,Unknown-Role,0,Console,IR,bypass_ci_cd_clickops,RDS-DB,1,4
2025-06-17 01:32:41,dev-012,Developer,1,CI-CD,JP,rds_modify_instance,VPC,0,2
2025-06-17 11:33:21,dev-037,DevOps,1,CI-CD,US,git_push_commit,RDS-DB,0,4
2025-06-17 01:24:28,dev-021,DevOps,1,CI-CD,UK,rds_modify_instance,RDS-DB,0,3
2025-06-17 08:47:21,ci-bot-1,SRE,1,Console,UK,cloudformation_deploy,CloudFormation-Stack,0,4
2025-06-17 16:25:13,dev-028,Senior-Dev,1,CI-CD,DE,git_pr_merge,VPC,0,2
2025-06-17 16:57:32,dev-013,Senior-Dev,1,Console,JP,s3_put_bucket_policy,RDS-DB,0,2
2025-06-17 12:13:48,dev-050,Senior-Dev,1,CI-CD,US,iam_attach_role,VPC,0,4
2025-06-17 18:59:50,dev-009,Senior-Dev,1,CI-CD,JP,git_pr_merge,IAM-Role,0,3
2025-06-17 13:11:29,dev-035,SRE,1,CI-CD,DE,ebs_create_snapshot,IAM-Role,0,2
2025-06-17 13:07:15,dev-020,Developer,1,CI-CD,IN,cloudformation_deploy,Lambda-Function,0,2
2025-06-17 07:56:44,dev-032,Developer,1,CI-CD,UK,iam_attach_role,EC2-Instance,0,1
2025-06-17 09:07:05,dev-008,DevOps,1,Console,UK,ec2_modify_sg,VPC,0,4
2025-06-17 09:08:31,dev-015,SRE,0,Console,DE,ebs_create_snapshot,RDS-DB,0,2
2025-06-17 09:13:14,dev-033,Developer,1,Console,IN,cloudformation_deploy,IAM-Role,0,4
2025-06-17 19:43:47,dev-030,DevOps,1,CI-CD,UK,cloudformation_deploy,S3-Bucket,0,1
2025-06-17 13:57:05,dev-019,Developer,1,Console,US,s3_put_bucket_policy,S3-Bucket,0,3
2025-06-17 18:12:39,dev-014,DevOps,1,CI-CD,UK,s3_put_bucket_policy,EC2-Instance,0,3
2025-06-17 15:50:21,dev-044,Developer,1,CI-CD,JP,ec2_modify_sg,S3-Bucket,0,2
2025-06-17 10:53:31,dev-049,DevOps,1,CI-CD,JP,iam_attach_role,IAM-Role,0,3
2025-06-17 16:08:20,dev-040,SRE,1,Console,DE,git_pr_merge,VPC,0,4
2025-06-17 10:36:08,dev-037,Senior-Dev,1,Console,UK,rds_modify_instance,Lambda-Function,0,4
2025-06-17 18:51:03,dev-045,Senior-Dev,1,CI-CD,DE,s3_put_bucket_policy,VPC,0,2
2025-06-17 16:24:35,dev-050,DevOps,1,CI-CD,UK,ec2_modify_sg,IAM-Role,0,2
2025-06-17 17:38:46,dev-039,SRE,1,CI-CD,DE,lambda_update_config,VPC,0,2
2025-06-17 16:51:20,dev-044,SRE,1,Console,JP,git_push_commit,IAM-Role,0,3
2025-06-17 11:12:43,dev-024,Senior-Dev,1,Console,US,ec2_modify_sg,IAM-Role,0,2
2025-06-17 02:45:17,dev-006,Developer,1,Console,IN,cloudformation_deploy,RDS-DB,0,3
2025-06-17 14:15:55,dev-011,SRE,1,Console,UK,iam_attach_role,Lambda-Function,0,4
2025-06-17 13:50:59,dev-027,Senior-Dev,1,Console,US,cloudformation_deploy,CloudFormation-Stack,0,1
2025-06-17 18:47:44,dev-035,DevOps,1,Console,JP,s3_put_bucket_policy,CloudFormation-Stack,0,4
2025-06-17 16:56:36,dev-002,Senior-Dev,1,Console,US,lambda_update_config,S3-Bucket,0,4
2025-06-17 14:54:46,dev-050,Developer,1,CI-CD,JP,s3_put_bucket_policy,VPC,0,3
2025-06-17 04:43:35,dev-030,Developer,1,CI-CD,US,git_pr_merge,Lambda-Function,0,4
2025-06-17 15:46:39,dev-029,Senior-Dev,1,Console,US,iam_attach_role,EC2-Instance,0,4
2025-06-17 14:21:52,dev-030,DevOps,1,CI-CD,JP,git_pr_merge,RDS-DB,0,3
2025-06-17 16:18:46,ci-bot-4,SRE,1,Console,UK,lambda_update_config,Lambda-Function,0,4
2025-06-17 19:05:37,dev-007,Senior-Dev,1,CI-CD,IN,ec2_modify_sg,Lambda-Function,0,2
2025-06-17 11:29:06,dev-009,SRE,1,CI-CD,IN,cloudformation_deploy,CloudFormation-Stack,0,3
2025-06-17 15:29:52,dev-003,Senior-Dev,1,CI-CD,US,rds_modify_instance,Lambda-Function,0,1
2025-06-17 04:41:25,anomalous-999,Compromised-User,0,CI-CD,IR,cloudtrail_delete,IAM-Role,1,5
2025-06-17 18:14:29,dev-019,SRE,1,CI-CD,UK,ec2_modify_sg,CloudFormation-Stack,0,3
2025-06-17 11:23:51,dev-024,Senior-Dev,1,Console,IN,cloudformation_deploy,RDS-DB,0,1
2025-06-17 03:17:25,dev-022,SRE,1,CI-CD,JP,rds_modify_instance,EC2-Instance,0,3
2025-06-17 13:16:20,dev-008,DevOps,1,Console,US,rds_modify_instance,Lambda-Function,0,4
2025-06-17 17:44:56,dev-018,Developer,1,CI-CD,UK,cloudformation_deploy,Lambda-Function,0,2
2025-06-17 14:42:08,dev-006,DevOps,1,CI-CD,UK,cloudformation_deploy,IAM-Role,0,2
2025-06-17 10:12:21,dev-031,SRE,1,CI-CD,US,rds_modify_instance,RDS-DB,0,2
2025-06-17 09:33:56,dev-040,Developer,1,CI-CD,US,rds_modify_instance,CloudFormation-Stack,0,3
2025-06-17 13:13:57,dev-037,SRE,1,Console,UK,ebs_create_snapshot,RDS-DB,0,2
2025-06-17 17:14:38,dev-015,Senior-Dev,1,CI-CD,JP,iam_attach_role,VPC,0,4
2025-06-17 07:39:52,dev-047,DevOps,1,CI-CD,UK,ebs_create_snapshot,Lambda-Function,0,3
2025-06-17 11:17:00,dev-007,DevOps,0,CI-CD,US,s3_put_bucket_policy,IAM-Role,0,3
2025-06-17 10:16:50,dev-045,Senior-Dev,1,Console,US,git_pr_merge,S3-Bucket,0,2
2025-06-17 16:01:07,dev-048,DevOps,1,CI-CD,JP,ec2_modify_sg,S3-Bucket,0,4
2025-06-17 15:02:52,ci-bot-3,SRE,1,CI-CD,IN,ebs_create_snapshot,IAM-Role,0,1
2025-06-17 14:36:22,dev-037,SRE,0,CI-CD,JP,git_push_commit,S3-Bucket,0,1
2025-06-17 16:02:51,dev-005,SRE,1,CI-CD,US,rds_modify_instance,IAM-Role,0,4
2025-06-17 09:14:56,dev-007,Senior-Dev,1,CI-CD,IN,s3_put_bucket_policy,CloudFormation-Stack,0,3
2025-06-17 12:50:09,dev-021,Senior-Dev,1,Console,UK,rds_modify_instance,VPC,0,4
2025-06-17 13:15:34,dev-008,DevOps,1,Console,UK,lambda_update_config,EC2-Instance,0,3
2025-06-17 01:34:53,unknown-777,Compromised-User,0,Console,KP,cloudtrail_delete,S3-Bucket,1,4
2025-06-17 10:58:58,ci-bot-2,DevOps,1,CI-CD,UK,lambda_update_config,RDS-DB,0,1
2025-06-17 10:28:22,ci-bot-2,DevOps,1,CI-CD,JP,rds_modify_instance,RDS-DB,0,2
2025-06-17 11:47:09,dev-002,SRE,1,CI-CD,JP,git_push_commit,IAM-Role,0,2
2025-06-17 16:57:15,dev-037,Senior-Dev,1,CI-CD,DE,git_push_commit,EC2-Instance,0,4
2025-06-17 09:05:54,dev-039,Senior-Dev,1,Console,IN,iam_attach_role,S3-Bucket,0,2
2025-06-17 08:21:59,dev-016,DevOps,1,Console,IN,ec2_modify_sg,S3-Bucket,0,3
2025-06-17 12:59:20,dev-011,Developer,1,CI-CD,US,git_push_commit,Lambda-Function,0,3
2025-06-17 14:39:03,dev-015,DevOps,1,Console,IN,s3_put_bucket_policy,CloudFormation-Stack,0,4
2025-06-17 19:50:06,dev-021,Developer,1,CI-CD,JP,cloudformation_deploy,IAM-Role,0,2
2025-06-17 11:44:14,dev-020,Developer,1,Console,US,s3_put_bucket_policy,Lambda-Function,0,4
2025-06-17 04:48:24,ci-bot-5,DevOps,1,Console,IN,lambda_update_config,Lambda-Function,0,2
2025-06-17 12:55:01,dev-016,DevOps,1,CI-CD,DE,cloudformation_deploy,Lambda-Function,0,4
2025-06-17 11:17:56,ci-bot-1,Senior-Dev,1,Console,DE,ec2_modify_sg,RDS-DB,0,1
2025-06-17 19:18:16,dev-013,Developer,1,CI-CD,IN,lambda_update_config,VPC,0,1
2025-06-17 13:36:08,dev-029,SRE,1,CI-CD,US,git_pr_merge,EC2-Instance,0,2
2025-06-17 15:33:22,dev-050,Senior-Dev,0,CI-CD,UK,git_push_commit,VPC,0,1
2025-06-17 16:48:16,dev-036,DevOps,1,Console,US,cloudformation_deploy,VPC,0,1
2025-06-17 04:30:42,external-001,External-Contractor,0,Console,CN,s3_set_bucket_public,EC2-Instance,1,4
2025-06-17 13:42:57,dev-042,Senior-Dev,1,CI-CD,UK,cloudformation_deploy,RDS-DB,0,1
2025-06-17 14:42:23,dev-005,SRE,1,CI-CD,JP,s3_put_bucket_policy,Lambda-Function,0,3
2025-06-17 17:15:31,dev-033,DevOps,1,CI-CD,DE,ebs_create_snapshot,VPC,0,4
2025-06-17 17:10:23,dev-011,SRE,1,Console,US,lambda_update_config,RDS-DB,0,1
2025-06-17 04:47:55,dev-022,Developer,1,CI-CD,UK,cloudformation_deploy,CloudFormation-Stack,0,3
2025-06-17 17:40:19,dev-033,Senior-Dev,1,CI-CD,DE,git_pr_merge,CloudFormation-Stack,0,1
2025-06-17 16:32:14,dev-030,Senior-Dev,1,CI-CD,UK,ebs_create_snapshot,Lambda-Function,0,2
2025-06-17 10:12:08,ci-bot-1,SRE,1,Console,UK,git_push_commit,CloudFormation-Stack,0,4
2025-06-17 12:07:40,dev-030,DevOps,1,CI-CD,UK,git_pr_merge,S3-Bucket,0,2
2025-06-17 12:49:03,dev-025,DevOps,1,CI-CD,DE,iam_attach_role,Lambda-Function,0,1
2025-06-17 08:22:41,dev-043,DevOps,1,CI-CD,JP,cloudformation_deploy,IAM-Role,0,3
2025-06-17 13:33:34,dev-001,SRE,1,CI-CD,DE,s3_put_bucket_policy,VPC,0,2
2025-06-17 14:52:52,dev-042,Senior-Dev,1,CI-CD,UK,ebs_create_snapshot,EC2-Instance,0,2
2025-06-17 16:36:04,dev-020,Developer,1,CI-CD,UK,rds_modify_instance,EC2-Instance,0,4
2025-06-17 13:26:23,dev-007,Senior-Dev,1,CI-CD,DE,rds_modify_instance,Lambda-Function,0,3
2025-06-17 09:20:15,dev-030,Developer,1,CI-CD,US,ec2_modify_sg,EC2-Instance,0,4
2025-06-17 18:08:28,dev-024,SRE,1,CI-CD,IN,ebs_create_snapshot,EC2-Instance,0,1
2025-06-17 08:17:08,dev-008,DevOps,1,CI-CD,DE,lambda_update_config,EC2-Instance,0,2
2025-06-17 13:08:29,dev-047,Senior-Dev,1,Console,UK,git_pr_merge,IAM-Role,0,1
2025-06-17 09:25:42,dev-007,Senior-Dev,0,CI-CD,UK,ec2_modify_sg,EC2-Instance,0,4
2025-06-17 15:08:45,dev-033,Developer,1,CI-CD,US,iam_attach_role,VPC,0,3
2025-06-17 16:13:18,dev-017,Developer,1,CI-CD,UK,s3_put_bucket_policy,RDS-DB,0,1
2025-06-17 15:50:27,dev-040,Developer,1,Console,US,ebs_create_snapshot,VPC,0,3
2025-06-17 05:42:22,dev-046,Developer,1,CI-CD,DE,iam_attach_role,RDS-DB,0,2
2025-06-17 18:28:58,dev-018,Senior-Dev,0,CI-CD,JP,s3_put_bucket_policy,Lambda-Function,0,3
2025-06-17 14:55:29,ci-bot-1,DevOps,1,CI-CD,JP,rds_modify_instance,CloudFormation-Stack,0,4
2025-06-17 13:09:05,dev-016,Developer,1,Console,JP,iam_attach_role,CloudFormation-Stack,0,2
2025-06-17 11:33:30,dev-023,DevOps,1,Console,JP,git_pr_merge,S3-Bucket,0,3
2025-06-17 14:24:42,ci-bot-1,Senior-Dev,1,CI-CD,IN,git_pr_merge,CloudFormation-Stack,0,1
2025-06-17 18:01:30,dev-011,Senior-Dev,1,CI-CD,IN,git_push_commit,RDS-DB,0,2
2025-06-17 14:57:14,dev-005,DevOps,1,CI-CD,JP,iam_attach_role,IAM-Role,0,4
2025-06-17 18:33:29,dev-032,SRE,1,CI-CD,UK,ec2_modify_sg,EC2-Instance,0,4
2025-06-17 08:27:12,dev-045,Senior-Dev,1,CI-CD,DE,s3_put_bucket_policy,RDS-DB,0,3
2025-06-17 18:27:52,dev-047,SRE,1,CI-CD,UK,cloudformation_deploy,CloudFormation-Stack,0,3
2025-06-17 17:33:48,dev-022,Senior-Dev,1,CI-CD,US,lambda_update_config,IAM-Role,0,2
2025-06-17 17:27:38,dev-017,Senior-Dev,1,CI-CD,IN,s3_put_bucket_policy,S3-Bucket,0,4
2025-06-17 13:29:31,dev-021,Developer,1,Console,US,ebs_create_snapshot,RDS-DB,0,3
2025-06-17 14:41:52,dev-019,Developer,1,Console,DE,lambda_update_config,IAM-Role,0,1
2025-06-17 04:10:27,unknown-777,Unknown-Role,0,Console,RU,cloudtrail_delete,VPC,1,5
2025-06-17 19:36:39,dev-002,Senior-Dev,1,Console,JP,ebs_create_snapshot,CloudFormation-Stack,0,1
2025-06-17 18:41:02,dev-020,DevOps,1,CI-CD,UK,s3_put_bucket_policy,EC2-Instance,0,3
2025-06-17 08:05:07,dev-033,SRE,1,CI-CD,JP,ec2_modify_sg,IAM-Role,0,3
2025-06-17 17:32:33,dev-045,Senior-Dev,1,CI-CD,DE,lambda_update_config,RDS-DB,0,1
2025-06-17 03:50:04,dev-022,Senior-Dev,1,CI-CD,JP,git_pr_merge,CloudFormation-Stack,0,3
2025-06-17 18:56:35,dev-012,SRE,1,CI-CD,DE,rds_modify_instance,CloudFormation-Stack,0,2
2025-06-17 01:49:20,anomalous-999,Unknown-Role,0,Console,KP,iam_create_admin_policy,Lambda-Function,1,5
2025-06-17 11:18:42,dev-032,DevOps,1,CI-CD,IN,rds_modify_instance,S3-Bucket,0,1
2025-06-17 18:55:30,dev-033,DevOps,1,CI-CD,DE,ec2_modify_sg,RDS-DB,0,3
2025-06-17 10:10:43,dev-019,Senior-Dev,0,Console,DE,ec2_modify_sg,S3-Bucket,0,3
2025-06-17 08:45:51,dev-034,Developer,1,CI-CD,UK,cloudformation_deploy,S3-Bucket,0,4
2025-06-17 10:28:22,dev-047,Senior-Dev,1,CI-CD,JP,ebs_create_snapshot,CloudFormation-Stack,0,2
2025-06-17 09:58:07,ci-bot-4,DevOps,1,CI-CD,IN,s3_put_bucket_policy,RDS-DB,0,1
2025-06-17 19:19:57,dev-002,Developer,1,CI-CD,DE,git_pr_merge,Lambda-Function,0,2
2025-06-17 13:19:18,dev-032,Developer,1,CI-CD,IN,cloudformation_deploy,S3-Bucket,0,3
2025-06-17 16:56:22,dev-027,SRE,1,CI-CD,IN,ebs_create_snapshot,S3-Bucket,0,2
2025-06-17 17:47:24,ci-bot-2,Senior-Dev,1,CI-CD,US,iam_attach_role,IAM-Role,0,3
2025-06-17 14:17:35,dev-017,Senior-Dev,1,Console,US,git_pr_merge,Lambda-Function,0,2
2025-06-17 14:47:31,dev-049,SRE,1,CI-CD,UK,s3_put_bucket_policy,EC2-Instance,0,4
2025-06-17 09:34:07,dev-044,DevOps,1,CI-CD,DE,git_pr_merge,CloudFormation-Stack,0,3
2025-06-17 09:20:09,dev-027,SRE,1,Console,US,ec2_modify_sg,IAM-Role,0,2
2025-06-17 17:56:55,dev-024,Senior-Dev,1,CI-CD,UK,git_push_commit,S3-Bucket,0,2
2025-06-17 09:00:03,dev-018,Developer,1,Console,US,s3_put_bucket_policy,IAM-Role,0,1
2025-06-17 14:14:53,dev-005,SRE,1,CI-CD,IN,cloudformation_deploy,CloudFormation-Stack,0,3
2025-06-17 19:47:46,dev-027,Developer,1,CI-CD,US,cloudformation_deploy,IAM-Role,0,4
2025-06-17 00:04:31,hacker-666,Unknown-Role,0,Console,RU,iam_create_mfa_delete_policy,S3-Bucket,1,4
2025-06-17 18:53:53,dev-024,SRE,1,CI-CD,US,git_pr_merge,EC2-Instance,0,3
2025-06-17 19:17:18,dev-008,DevOps,1,CI-CD,DE,iam_attach_role,EC2-Instance,0,1
2025-06-17 05:18:47,dev-045,DevOps,0,Console,DE,cloudformation_deploy,EC2-Instance,0,4
2025-06-17 15:11:55,dev-031,SRE,1,Console,DE,s3_put_bucket_policy,EC2-Instance,0,1
2025-06-17 12:26:53,dev-031,DevOps,1,CI-CD,JP,lambda_update_config,VPC,0,2
2025-06-17 16:35:37,dev-045,Senior-Dev,1,CI-CD,IN,rds_modify_instance,IAM-Role,0,3
2025-06-17 10:32:22,dev-004,DevOps,1,CI-CD,US,git_pr_merge,RDS-DB,0,2
2025-06-17 12:04:41,ci-bot-5,Developer,1,CI-CD,JP,rds_modify_instance,CloudFormation-Stack,0,1
2025-06-17 09:44:46,dev-047,Senior-Dev,1,CI-CD,IN,s3_put_bucket_policy,EC2-Instance,0,1
2025-06-17 10:32:03,dev-026,SRE,1,Console,IN,git_pr_merge,CloudFormation-Stack,0,3
2025-06-17 13:00:31,dev-009,Senior-Dev,1,Console,IN,ebs_create_snapshot,Lambda-Function,0,4
2025-06-17 16:48:50,dev-016,Senior-Dev,1,CI-CD,UK,rds_modify_instance,EC2-Instance,0,1
2025-06-17 19:15:22,dev-026,Developer,1,CI-CD,UK,ec2_modify_sg,Lambda-Function,0,4
2025-06-17 19:50:19,dev-026,Senior-Dev,1,CI-CD,IN,cloudformation_deploy,Lambda-Function,0,4
2025-06-17 16:38:12,dev-010,SRE,1,CI-CD,IN,ec2_modify_sg,VPC,0,3
2025-06-17 12:30:15,ci-bot-2,DevOps,1,CI-CD,US,iam_attach_role,Lambda-Function,0,4
2025-06-17 09:41:35,dev-006,Senior-Dev,0,CI-CD,US,rds_modify_instance,IAM-Role,0,4
2025-06-17 05:02:02,dev-037,DevOps,1,CI-CD,JP,s3_put_bucket_policy,IAM-Role,0,3
2025-06-17 19:33:29,dev-004,Senior-Dev,1,CI-CD,UK,ebs_create_snapshot,RDS-DB,0,3
2025-06-17 15:09:40,dev-030,SRE,1,Console,US,rds_modify_instance,EC2-Instance,0,3
2025-06-17 18:58:54,dev-011,Developer,1,CI-CD,JP,git_pr_merge,CloudFormation-Stack,0,4
2025-06-17 10:59:03,dev-007,SRE,0,CI-CD,US,s3_put_bucket_policy,VPC,0,3
2025-06-17 12:20:37,dev-047,DevOps,1,CI-CD,DE,git_pr_merge,CloudFormation-Stack,0,2
2025-06-17 14:23:43,dev-041,Developer,1,CI-CD,US,ec2_modify_sg,S3-Bucket,0,2
2025-06-17 12:41:12,dev-012,Developer,0,CI-CD,DE,cloudformation_deploy,S3-Bucket,0,3
2025-06-17 14:04:28,dev-039,DevOps,1,CI-CD,JP,rds_modify_instance,S3-Bucket,0,3
2025-06-17 17:34:45,ci-bot-3,Developer,1,CI-CD,US,iam_attach_role,CloudFormation-Stack,0,2
2025-06-17 17:11:28,dev-044,Developer,1,CI-CD,JP,cloudformation_deploy,IAM-Role,0,2
2025-06-17 10:33:04,ci-bot-1,Senior-Dev,1,CI-CD,US,git_pr_merge,IAM-Role,0,2
2025-06-17 17:47:00,dev-028,DevOps,1,CI-CD,JP,lambda_update_config,VPC,0,2
2025-06-17 08:55:42,dev-014,Developer,1,CI-CD,US,iam_attach_role,CloudFormation-Stack,0,3
2025-06-17 15:34:19,dev-012,DevOps,1,CI-CD,IN,lambda_update_config,S3-Bucket,0,4
2025-06-17 18:15:01,dev-008,SRE,1,Console,IN,git_pr_merge,VPC,0,4
2025-06-17 11:42:11,dev-031,Senior-Dev,1,CI-CD,DE,cloudformation_deploy,IAM-Role,0,3
2025-06-17 17:12:51,dev-009,SRE,1,Console,DE,ec2_modify_sg,S3-Bucket,0,2
2025-06-17 08:29:24,dev-046,Developer,1,Console,IN,s3_put_bucket_policy,EC2-Instance,0,4
2025-06-17 08:40:46,dev-016,Senior-Dev,1,CI-CD,UK,s3_put_bucket_policy,Lambda-Function,0,3
2025-06-17 16:06:03,dev-042,Developer,0,Console,UK,iam_attach_role,Lambda-Function,0,4
2025-06-17 14:31:32,dev-038,DevOps,1,CI-CD,US,cloudformation_deploy,VPC,0,3
2025-06-17 19:48:21,dev-009,Developer,1,CI-CD,UK,ebs_create_snapshot,RDS-DB,0,4
2025-06-17 11:26:35,dev-046,SRE,1,Console,IN,git_pr_merge,EC2-Instance,0,4
2025-06-17 08:19:18,dev-030,SRE,1,CI-CD,UK,git_pr_merge,Lambda-Function,0,3
2025-06-17 19:51:47,dev-015,Developer,1,CI-CD,US,git_pr_merge,VPC,0,4
2025-06-17 13:16:33,dev-037,SRE,1,CI-CD,JP,rds_modify_instance,RDS-DB,0,4
2025-06-17 07:29:10,dev-047,SRE,1,Console,JP,iam_attach_role,VPC,0,1
2025-06-17 12:04:36,ci-bot-2,DevOps,1,CI-CD,US,git_push_commit,VPC,0,3
2025-06-17 19:02:27,dev-002,DevOps,1,Console,IN,cloudformation_deploy,VPC,0,4
2025-06-17 02:39:06,anomalous-999,Unknown-Role,1,Console,RU,bypass_ci_cd_clickops,CloudFormation-Stack,1,5
2025-06-17 11:51:39,dev-027,DevOps,1,CI-CD,UK,ec2_modify_sg,RDS-DB,0,2
2025-06-17 19:23:33,dev-045,DevOps,1,CI-CD,DE,cloudformation_deploy,RDS-DB,0,1
2025-06-17 16:07:22,dev-028,Developer,1,CI-CD,JP,rds_modify_instance,RDS-DB,0,3
2025-06-17 08:48:51,dev-011,DevOps,1,CI-CD,DE,s3_put_bucket_policy,S3-Bucket,0,4
2025-06-17 10:01:05,dev-030,DevOps,1,Console,IN,ec2_modify_sg,EC2-Instance,0,1
2025-06-17 12:21:30,dev-010,Senior-Dev,1,CI-CD,IN,s3_put_bucket_policy,S3-Bucket,0,1
2025-06-17 01:35:04,external-001,External-Contractor,0,Console,RU,vpc_flow_logs_disable,EC2-Instance,1,4
2025-06-17 19:16:06,dev-003,Developer,1,Console,JP,ec2_modify_sg,Lambda-Function,0,2
2025-06-17 01:14:49,external-001,Compromised-User,0,Console,IR,s3_set_bucket_public,EC2-Instance,0,5
2025-06-17 08:23:19,dev-012,Senior-Dev,1,Console,UK,lambda_update_config,IAM-Role,0,2
2025-06-17 16:57:18,ci-bot-5,Developer,1,CI-CD,IN,git_push_commit,IAM-Role,0,3
2025-06-17 11:07:01,dev-048,Senior-Dev,1,CI-CD,IN,s3_put_bucket_policy,EC2-Instance,0,3
2025-06-17 04:24:01,unknown-777,External-Contractor,0,Console,CN,iam_create_admin_policy,RDS-DB,0,5
2025-06-17 05:07:15,anomalous-999,External-Contractor,0,Console,NG,iam_create_mfa_delete_policy,EC2-Instance,1,4
2025-06-17 16:40:13,dev-013,Senior-Dev,1,CI-CD,DE,iam_attach_role,RDS-DB,0,2
2025-06-17 10:53:44,dev-050,Senior-Dev,1,CI-CD,DE,lambda_update_config,Lambda-Function,0,3
2025-06-17 17:47:37,dev-016,Senior-Dev,1,Console,UK,lambda_update_config,S3-Bucket,0,1
2025-06-17 17:43:10,dev-049,Senior-Dev,1,CI-CD,IN,iam_attach_role,RDS-DB,0,4
2025-06-17 09:15:12,dev-013,DevOps,1,CI-CD,JP,lambda_update_config,CloudFormation-Stack,0,1
2025-06-17 11:53:00,dev-049,Developer,0,CI-CD,IN,cloudformation_deploy,VPC,0,4
2025-06-17 15:22:58,dev-037,SRE,1,CI-CD,DE,lambda_update_config,S3-Bucket,0,3
2025-06-17 04:10:20,unknown-777,Unknown-Role,1,Console,NG,iam_create_admin_policy,S3-Bucket,1,4
2025-06-17 05:40:45,dev-044,Developer,1,CI-CD,DE,ebs_create_snapshot,RDS-DB,0,2
2025-06-17 08:50:44,dev-040,DevOps,1,CI-CD,IN,s3_put_bucket_policy,S3-Bucket,0,1
2025-06-17 15:55:23,dev-036,Developer,1,CI-CD,US,git_push_commit,S3-Bucket,0,2
2025-06-17 10:15:17,dev-050,Developer,1,Console,UK,cloudformation_deploy,IAM-Role,0,4
2025-06-17 12:55:37,dev-004,DevOps,1,CI-CD,US,git_pr_merge,VPC,0,4
2025-06-17 08:16:55,dev-031,Developer,1,CI-CD,US,ec2_modify_sg,IAM-Role,0,2
2025-06-17 16:16:10,dev-047,SRE,1,CI-CD,US,lambda_update_config,Lambda-Function,0,4
2025-06-17 16:38:40,dev-006,Developer,1,CI-CD,DE,iam_attach_role,RDS-DB,0,1
2025-06-17 12:52:42,dev-041,DevOps,1,CI-CD,UK,git_push_commit,S3-Bucket,0,4
2025-06-17 17:42:31,dev-010,DevOps,1,CI-CD,IN,rds_modify_instance,Lambda-Function,0,4
2025-06-17 18:28:05,dev-047,Developer,1,CI-CD,IN,iam_attach_role,Lambda-Function,0,4
2025-06-17 10:16:19,dev-041,DevOps,1,CI-CD,DE,cloudformation_deploy,IAM-Role,0,4
2025-06-17 09:52:42,dev-004,Developer,1,Console,UK,s3_put_bucket_policy,RDS-DB,0,2
2025-06-17 00:35:49,hacker-666,External-Contractor,0,Console,IR,iam_create_mfa_delete_policy,CloudFormation-Stack,1,4
2025-06-17 04:29:07,unknown-777,External-Contractor,0,Console,IR,cloudtrail_delete,Lambda-Function,1,4
2025-06-17 08:26:40,dev-015,Developer,1,Console,US,lambda_update_config,CloudFormation-Stack,0,2
2025-06-17 16:19:45,dev-015,DevOps,1,CI-CD,US,rds_modify_instance,Lambda-Function,0,2
2025-06-17 18:24:33,dev-020,DevOps,1,Console,UK,lambda_update_config,EC2-Instance,0,4
2025-06-17 03:58:52,external-001,Unknown-Role,0,Console,NG,bypass_ci_cd_clickops,EC2-Instance,0,5
2025-06-17 15:47:26,ci-bot-2,DevOps,1,Console,JP,cloudformation_deploy,IAM-Role,0,1
2025-06-17 01:17:49,dev-026,SRE,1,CI-CD,UK,rds_modify_instance,S3-Bucket,0,1
2025-06-17 12:12:59,dev-010,DevOps,1,CI-CD,US,cloudformation_deploy,Lambda-Function,0,3
2025-06-17 15:20:46,dev-047,Senior-Dev,1,CI-CD,DE,git_pr_merge,CloudFormation-Stack,0,1
2025-06-17 16:49:08,dev-009,DevOps,1,CI-CD,IN,cloudformation_deploy,IAM-Role,0,2
2025-06-17 17:05:40,ci-bot-3,SRE,1,CI-CD,UK,lambda_update_config,S3-Bucket,0,1
2025-06-17 19:05:19,dev-036,DevOps,1,CI-CD,UK,rds_modify_instance,S3-Bucket,0,4
2025-06-17 17:56:53,dev-042,DevOps,1,CI-CD,US,cloudformation_deploy,IAM-Role,0,3
2025-06-17 09:59:56,dev-031,Developer,1,CI-CD,US,s3_put_bucket_policy,EC2-Instance,0,2
2025-06-17 08:03:41,dev-024,SRE,1,CI-CD,IN,ebs_create_snapshot,S3-Bucket,0,1
2025-06-17 12:22:04,dev-040,SRE,1,Console,US,ec2_modify_sg,VPC,0,2
2025-06-17 04:18:10,dev-003,SRE,1,CI-CD,US,ebs_create_snapshot,VPC,0,2
2025-06-17 11:04:49,dev-039,DevOps,1,CI-CD,IN,s3_put_bucket_policy,S3-Bucket,0,1
2025-06-17 10:11:23,dev-012,Senior-Dev,1,CI-CD,US,ebs_create_snapshot,VPC,0,2
2025-06-17 05:08:24,ci-bot-4,DevOps,1,CI-CD,JP,s3_put_bucket_policy,S3-Bucket,0,1
2025-06-17 12:11:26,dev-033,Developer,1,CI-CD,DE,s3_put_bucket_policy,CloudFormation-Stack,0,3
2025-06-17 19:31:53,dev-019,Senior-Dev,1,CI-CD,UK,git_push_commit,RDS-DB,0,2
2025-06-17 12:16:35,ci-bot-5,Developer,1,CI-CD,US,lambda_update_config,CloudFormation-Stack,0,3
2025-06-17 10:40:07,dev-014,SRE,1,CI-CD,JP,rds_modify_instance,Lambda-Function,0,1
2025-06-17 17:32:13,dev-010,DevOps,1,CI-CD,IN,git_pr_merge,S3-Bucket,0,3
2025-06-17 14:27:20,dev-002,DevOps,1,CI-CD,IN,s3_put_bucket_policy,CloudFormation-Stack,0,1
2025-06-17 02:08:00,dev-005,Developer,1,Console,JP,iam_attach_role,S3-Bucket,0,2
2025-06-17 13:51:34,dev-027,Senior-Dev,1,Console,IN,cloudformation_deploy,VPC,0,4
2025-06-17 18:41:25,ci-bot-3,DevOps,1,Console,JP,lambda_update_config,EC2-Instance,0,1
2025-06-17 08:00:43,dev-014,DevOps,1,CI-CD,IN,git_push_commit,IAM-Role,0,3
2025-06-17 17:32:08,dev-032,Developer,1,CI-CD,JP,ebs_create_snapshot,VPC,0,2
2025-06-17 10:39:38,dev-044,DevOps,1,Console,DE,lambda_update_config,S3-Bucket,0,4
2025-06-17 17:09:20,dev-033,Senior-Dev,1,CI-CD,JP,ebs_create_snapshot,CloudFormation-Stack,0,1
2025-06-17 07:49:52,dev-021,SRE,1,CI-CD,US,lambda_update_config,Lambda-Function,0,2
2025-06-17 12:02:08,dev-026,DevOps,1,Console,UK,lambda_update_config,Lambda-Function,0,3
2025-06-17 19:36:30,dev-041,Senior-Dev,1,Console,JP,ec2_modify_sg,CloudFormation-Stack,0,3
2025-06-17 12:13:37,dev-041,DevOps,1,CI-CD,JP,git_pr_merge,IAM-Role,0,4
2025-06-17 11:39:25,dev-012,DevOps,1,CI-CD,JP,lambda_update_config,VPC,0,1
2025-06-17 17:10:41,ci-bot-4,DevOps,1,CI-CD,IN,iam_attach_role,IAM-Role,0,1
2025-06-17 16:20:12,dev-027,DevOps,1,CI-CD,IN,iam_attach_role,S3-Bucket,0,2
2025-06-17 13:45:26,dev-016,SRE,1,CI-CD,US,ec2_modify_sg,RDS-DB,0,3
2025-06-17 11:17:42,dev-032,Senior-Dev,1,Console,IN,ebs_create_snapshot,IAM-Role,0,4
2025-06-17 13:55:52,dev-006,DevOps,1,CI-CD,UK,lambda_update_config,CloudFormation-Stack,0,3
2025-06-17 19:27:48,dev-016,Developer,1,CI-CD,DE,lambda_update_config,IAM-Role,0,4
2025-06-17 15:06:33,dev-023,SRE,1,CI-CD,US,iam_attach_role,EC2-Instance,0,4
2025-06-17 10:27:17,dev-027,SRE,1,CI-CD,DE,lambda_update_config,RDS-DB,0,4
2025-06-17 14:04:34,dev-031,Senior-Dev,1,Console,JP,ec2_modify_sg,S3-Bucket,0,2
2025-06-17 02:07:57,unknown-777,Unknown-Role,0,Console,CN,bypass_ci_cd_clickops,EC2-Instance,1,4
2025-06-17 10:18:04,dev-007,Senior-Dev,1,CI-CD,JP,iam_attach_role,CloudFormation-Stack,0,2
2025-06-17 14:32:39,dev-048,DevOps,1,Console,JP,ec2_modify_sg,CloudFormation-Stack,0,4
2025-06-17 14:19:49,dev-039,DevOps,0,CI-CD,IN,iam_attach_role,EC2-Instance,0,1
2025-06-17 10:54:32,dev-030,SRE,1,CI-CD,UK,ebs_create_snapshot,RDS-DB,0,3
2025-06-17 08:23:00,dev-005,SRE,1,CI-CD,DE,ebs_create_snapshot,IAM-Role,0,3
2025-06-17 09:24:23,dev-030,Developer,1,CI-CD,IN,s3_put_bucket_policy,VPC,0,2
2025-06-17 16:51:48,dev-043,SRE,1,CI-CD,JP,lambda_update_config,Lambda-Function,0,1
2025-06-17 12:40:32,dev-023,Developer,1,CI-CD,US,ebs_create_snapshot,EC2-Instance,0,1
2025-06-17 03:28:38,dev-031,DevOps,1,Console,IN,iam_attach_role,CloudFormation-Stack,0,2
2025-06-17 10:47:44,dev-029,DevOps,1,Console,IN,lambda_update_config,IAM-Role,0,3
2025-06-17 17:03:49,ci-bot-3,Senior-Dev,1,CI-CD,UK,rds_modify_instance,EC2-Instance,0,2
2025-06-17 09:58:27,dev-005,DevOps,1,Console,IN,ec2_modify_sg,IAM-Role,0,3
2025-06-17 11:27:50,dev-038,SRE,1,CI-CD,UK,rds_modify_instance,Lambda-Function,0,2
2025-06-17 15:43:06,dev-022,Developer,1,Console,US,cloudformation_deploy,EC2-Instance,0,1
2025-06-17 04:00:49,dev-020,SRE,1,Console,JP,cloudformation_deploy,CloudFormation-Stack,0,1
2025-06-17 17:28:57,dev-022,DevOps,1,Console,IN,iam_attach_role,CloudFormation-Stack,0,2
2025-06-17 14:43:38,dev-039,Developer,1,CI-CD,IN,rds_modify_instance,IAM-Role,0,4
2025-06-17 17:14:01,dev-002,Senior-Dev,1,Console,UK,git_push_commit,RDS-DB,0,2
2025-06-17 08:10:20,dev-027,DevOps,1,CI-CD,IN,cloudformation_deploy,Lambda-Function,0,1
2025-06-17 15:05:43,dev-040,SRE,1,Console,US,ec2_modify_sg,EC2-Instance,0,2
2025-06-17 15:14:40,dev-009,Developer,1,CI-CD,US,ebs_create_snapshot,RDS-DB,0,1
2025-06-17 16:57:50,dev-019,DevOps,1,CI-CD,DE,rds_modify_instance,EC2-Instance,0,2
2025-06-17 10:27:32,dev-004,Developer,1,CI-CD,UK,git_pr_merge,RDS-DB,0,2
2025-06-17 15:15:59,dev-038,Developer,1,Console,IN,cloudformation_deploy,CloudFormation-Stack,0,2
2025-06-17 18:01:18,dev-027,Senior-Dev,1,CI-CD,US,git_push_commit,IAM-Role,0,1
2025-06-17 19:43:57,dev-021,Senior-Dev,1,CI-CD,US,lambda_update_config,RDS-DB,0,4
2025-06-17 15:41:13,dev-035,DevOps,1,Console,JP,lambda_update_config,EC2-Instance,0,1
2025-06-17 08:12:06,dev-003,Developer,1,Console,US,s3_put_bucket_policy,EC2-Instance,0,1
2025-06-17 14:30:34,dev-003,SRE,1,CI-CD,UK,ebs_create_snapshot,S3-Bucket,0,4
2025-06-17 02:45:29,unknown-777,Compromised-User,0,Console,KP,iam_create_mfa_delete_policy,Lambda-Function,0,4
2025-06-17 13:39:27,dev-018,Developer,1,CI-CD,DE,rds_modify_instance,CloudFormation-Stack,0,2
2025-06-17 12:50:28,dev-032,Senior-Dev,1,Console,JP,iam_attach_role,RDS-DB,0,4
2025-06-17 10:21:18,dev-024,DevOps,1,Console,JP,lambda_update_config,IAM-Role,0,1
2025-06-17 12:14:19,dev-050,SRE,1,CI-CD,JP,git_pr_merge,Lambda-Function,0,3
2025-06-17 05:24:46,external-001,Unknown-Role,0,Console,NG,bypass_ci_cd_clickops,VPC,1,5
2025-06-17 18:59:41,dev-010,Developer,0,Console,IN,git_push_commit,Lambda-Function,0,4
2025-06-17 11:21:49,dev-010,Developer,1,Console,UK,rds_modify_instance,EC2-Instance,0,2
2025-06-17 14:17:33,dev-005,SRE,1,CI-CD,US,ebs_create_snapshot,Lambda-Function,0,3
2025-06-17 08:11:53,dev-017,Developer,1,CI-CD,JP,s3_put_bucket_policy,EC2-Instance,0,2
2025-06-17 14:51:00,dev-034,Developer,1,CI-CD,US,lambda_update_config,EC2-Instance,0,2
2025-06-17 09:16:06,dev-013,DevOps,0,CI-CD,UK,s3_put_bucket_policy,EC2-Instance,0,1
2025-06-17 19:59:31,dev-049,DevOps,1,Console,DE,lambda_update_config,CloudFormation-Stack,0,1
2025-06-17 11:14:31,dev-024,Developer,1,Console,IN,lambda_update_config,S3-Bucket,0,2
2025-06-17 17:52:12,dev-022,Senior-Dev,1,CI-CD,JP,git_pr_merge,VPC,0,3
2025-06-17 11:20:46,dev-005,DevOps,1,CI-CD,IN,iam_attach_role,VPC,0,3
2025-06-17 11:29:22,dev-010,SRE,1,Console,US,ec2_modify_sg,CloudFormation-Stack,0,4
2025-06-17 10:29:11,ci-bot-3,Senior-Dev,1,CI-CD,UK,git_push_commit,S3-Bucket,0,3
2025-06-17 02:49:24,dev-023,SRE,1,CI-CD,JP,git_pr_merge,IAM-Role,0,2
2025-06-17 16:38:20,dev-026,Developer,1,Console,DE,cloudformation_deploy,IAM-Role,0,4
2025-06-17 01:03:58,dev-023,SRE,1,Console,UK,git_push_commit,Lambda-Function,0,2
2025-06-17 18:08:46,dev-002,DevOps,0,CI-CD,JP,cloudformation_deploy,Lambda-Function,0,1
2025-06-17 18:52:02,dev-016,Developer,1,CI-CD,UK,iam_attach_role,VPC,0,2
2025-06-17 14:17:52,dev-019,Senior-Dev,1,CI-CD,JP,lambda_update_config,S3-Bucket,0,2
2025-06-17 16:14:07,dev-013,Senior-Dev,1,CI-CD,DE,rds_modify_instance,VPC,0,3
2025-06-17 18:43:45,dev-010,DevOps,1,CI-CD,US,git_push_commit,Lambda-Function,0,4
2025-06-17 10:35:46,dev-039,DevOps,1,CI-CD,DE,s3_put_bucket_policy,S3-Bucket,0,2
2025-06-17 13:37:19,dev-041,DevOps,1,CI-CD,DE,lambda_update_config,Lambda-Function,0,4
2025-06-17 16:25:50,dev-022,Developer,1,Console,US,s3_put_bucket_policy,CloudFormation-Stack,0,2
2025-06-17 19:08:16,dev-012,SRE,1,CI-CD,JP,git_pr_merge,IAM-Role,0,4
2025-06-17 15:52:43,dev-032,Developer,1,CI-CD,DE,git_push_commit,RDS-DB,0,4
2025-06-17 19:18:35,dev-009,Senior-Dev,1,Console,UK,git_push_commit,Lambda-Function,0,1
2025-06-17 08:12:33,dev-033,DevOps,1,CI-CD,UK,ebs_create_snapshot,VPC,0,1
2025-06-17 17:41:40,dev-040,SRE,1,CI-CD,UK,ebs_create_snapshot,S3-Bucket,0,4
2025-06-17 19:28:55,dev-027,Senior-Dev,1,CI-CD,US,s3_put_bucket_policy,Lambda-Function,0,3
2025-06-17 08:14:52,dev-003,SRE,1,CI-CD,IN,git_pr_merge,IAM-Role,0,4
2025-06-17 14:28:05,ci-bot-5,Senior-Dev,1,CI-CD,IN,iam_attach_role,CloudFormation-Stack,0,2
2025-06-17 18:20:56,ci-bot-2,DevOps,1,CI-CD,US,ebs_create_snapshot,Lambda-Function,0,4
2025-06-17 16:34:39,dev-010,SRE,1,CI-CD,UK,iam_attach_role,VPC,0,3
2025-06-17 18:18:51,dev-048,Developer,1,CI-CD,IN,s3_put_bucket_policy,CloudFormation-Stack,0,3
2025-06-17 15:27:26,dev-024,DevOps,1,CI-CD,UK,ebs_create_snapshot,IAM-Role,0,3
2025-06-17 02:53:57,external-001,Compromised-User,0,CI-CD,IR,s3_set_bucket_public,S3-Bucket,1,5
2025-06-17 08:18:12,ci-bot-1,SRE,1,CI-CD,US,s3_put_bucket_policy,Lambda-Function,0,3
2025-06-17 15:04:12,dev-004,Senior-Dev,1,CI-CD,UK,rds_modify_instance,CloudFormation-Stack,0,2
2025-06-17 18:00:43,dev-036,Senior-Dev,1,Console,DE,rds_modify_instance,VPC,0,3
2025-06-17 16:05:08,dev-010,Senior-Dev,1,CI-CD,UK,s3_put_bucket_policy,Lambda-Function,0,4
2025-06-17 17:03:43,dev-006,SRE,1,CI-CD,IN,ebs_create_snapshot,Lambda-Function,0,3
2025-06-17 15:47:27,dev-012,Senior-Dev,1,Console,IN,rds_modify_instance,CloudFormation-Stack,0,3
2025-06-17 14:53:17,dev-003,Developer,1,CI-CD,DE,iam_attach_role,RDS-DB,0,4
2025-06-17 19:56:36,dev-031,SRE,1,CI-CD,DE,rds_modify_instance,VPC,0,1
2025-06-17 11:38:32,dev-026,Developer,1,CI-CD,DE,ebs_create_snapshot,VPC,0,4
2025-06-17 19:35:55,dev-020,SRE,1,CI-CD,DE,rds_modify_instance,VPC,0,2
2025-06-17 17:58:30,ci-bot-5,Developer,1,CI-CD,IN,git_pr_merge,RDS-DB,0,4
2025-06-17 08:53:40,ci-bot-2,Developer,1,CI-CD,US,ec2_modify_sg,S3-Bucket,0,4
2025-06-17 12:50:25,dev-031,DevOps,1,CI-CD,IN,cloudformation_deploy,IAM-Role,0,3
2025-06-17 18:24:21,dev-002,DevOps,1,CI-CD,UK,git_pr_merge,CloudFormation-Stack,0,3
2025-06-17 10:40:46,dev-026,Senior-Dev,1,CI-CD,JP,git_push_commit,RDS-DB,0,2
2025-06-17 19:37:17,dev-021,Senior-Dev,1,CI-CD,JP,lambda_update_config,CloudFormation-Stack,0,4
2025-06-17 09:10:15,dev-012,Developer,1,CI-CD,IN,ebs_create_snapshot,EC2-Instance,0,1
2025-06-17 08:18:16,dev-016,DevOps,1,CI-CD,JP,s3_put_bucket_policy,S3-Bucket,0,4
2025-06-17 16:29:23,dev-004,DevOps,1,CI-CD,IN,rds_modify_instance,Lambda-Function,0,1
2025-06-17 09:55:49,dev-015,Developer,1,CI-CD,US,git_push_commit,VPC,0,1
2025-06-17 14:00:58,dev-026,SRE,1,Console,UK,git_push_commit,IAM-Role,0,2
2025-06-17 18:25:22,dev-031,DevOps,0,CI-CD,UK,ebs_create_snapshot,S3-Bucket,0,1
2025-06-17 10:48:42,dev-045,Developer,1,Console,US,iam_attach_role,EC2-Instance,0,4
2025-06-17 12:21:19,dev-038,Developer,1,CI-CD,UK,ec2_modify_sg,RDS-DB,0,1
2025-06-17 19:47:57,dev-047,SRE,1,Console,IN,iam_attach_role,IAM-Role,0,2
2025-06-17 00:31:47,breach-acct-13,Compromised-User,1,Console,NG,root_account_keys_create,S3-Bucket,1,5
2025-06-17 10:59:22,dev-005,Senior-Dev,1,CI-CD,IN,git_push_commit,VPC,0,1
2025-06-17 16:38:24,dev-006,DevOps,1,CI-CD,JP,s3_put_bucket_policy,S3-Bucket,0,2
2025-06-17 18:23:55,dev-007,Developer,1,Console,JP,lambda_update_config,Lambda-Function,0,1
2025-06-17 15:37:01,dev-021,DevOps,1,CI-CD,US,ebs_create_snapshot,S3-Bucket,0,2
2025-06-17 00:00:47,dev-017,Senior-Dev,1,Console,JP,lambda_update_config,RDS-DB,0,3
2025-06-17 17:07:18,dev-008,Developer,1,CI-CD,DE,rds_modify_instance,IAM-Role,0,3
2025-06-17 18:40:00,dev-020,DevOps,1,CI-CD,DE,iam_attach_role,Lambda-Function,0,1
2025-06-17 13:34:49,dev-001,DevOps,1,Console,IN,git_pr_merge,Lambda-Function,0,3
2025-06-17 09:04:21,dev-011,DevOps,1,CI-CD,US,git_pr_merge,VPC,0,4
2025-06-17 11:02:59,dev-004,DevOps,1,CI-CD,IN,cloudformation_deploy,Lambda-Function,0,4
2025-06-17 11:16:07,dev-019,Developer,1,CI-CD,IN,lambda_update_config,RDS-DB,0,1
2025-06-17 08:45:47,ci-bot-1,Developer,1,CI-CD,US,cloudformation_deploy,RDS-DB,0,2
2025-06-17 11:26:56,dev-036,DevOps,1,CI-CD,JP,cloudformation_deploy,IAM-Role,0,3
2025-06-17 02:00:20,dev-016,Senior-Dev,1,CI-CD,DE,git_pr_merge,IAM-Role,0,3
2025-06-17 02:14:56,breach-acct-13,Compromised-User,0,Console,RU,iam_create_admin_policy,RDS-DB,1,5
2025-06-17 05:45:27,ci-bot-3,Developer,1,CI-CD,IN,s3_put_bucket_policy,EC2-Instance,0,4
2025-06-17 17:29:33,dev-017,Developer,1,CI-CD,IN,git_push_commit,CloudFormation-Stack,0,3
2025-06-17 12:58:21,dev-023,Developer,1,CI-CD,JP,s3_put_bucket_policy,IAM-Role,0,1
2025-06-17 11:08:55,dev-014,SRE,1,Console,JP,iam_attach_role,VPC,0,3
2025-06-17 11:40:19,dev-021,Developer,1,CI-CD,UK,cloudformation_deploy,CloudFormation-Stack,0,3
2025-06-17 14:54:13,dev-039,Senior-Dev,0,CI-CD,UK,cloudformation_deploy,IAM-Role,0,4
2025-06-17 05:31:41,external-001,External-Contractor,0,Console,NG,iam_create_mfa_delete_policy,VPC,0,5
2025-06-17 19:07:01,ci-bot-5,SRE,1,CI-CD,UK,lambda_update_config,VPC,0,2
2025-06-17 11:12:39,dev-034,SRE,1,CI-CD,JP,s3_put_bucket_policy,EC2-Instance,0,4
2025-06-17 18:03:47,ci-bot-1,Senior-Dev,1,CI-CD,UK,s3_put_bucket_policy,EC2-Instance,0,4
2025-06-17 14:54:22,dev-030,SRE,1,CI-CD,IN,cloudformation_deploy,VPC,0,1
2025-06-17 02:01:41,breach-acct-13,Unknown-Role,0,Console,IR,s3_set_bucket_public,VPC,0,4
2025-06-17 05:30:27,hacker-666,Unknown-Role,0,Console,RU,iam_create_admin_policy,RDS-DB,1,4
2025-06-17 00:43:03,unknown-777,Unknown-Role,0,Console,RU,vpc_flow_logs_disable,EC2-Instance,1,4
2025-06-17 11:13:54,dev-021,Developer,1,Console,DE,rds_modify_instance,VPC,0,2
2025-06-17 08:22:14,dev-042,Developer,1,CI-CD,US,lambda_update_config,IAM-Role,0,1
2025-06-17 04:22:23,anomalous-999,External-Contractor,0,Console,NG,bypass_ci_cd_clickops,VPC,1,5
2025-06-17 10:46:52,dev-009,Developer,1,CI-CD,DE,rds_modify_instance,Lambda-Function,0,4
2025-06-17 16:48:17,dev-032,DevOps,1,CI-CD,DE,git_pr_merge,RDS-DB,0,3
2025-06-17 15:59:06,dev-005,SRE,1,CI-CD,UK,rds_modify_instance,RDS-DB,0,2
2025-06-17 13:35:27,dev-030,Senior-Dev,1,CI-CD,UK,cloudformation_deploy,Lambda-Function,0,1
2025-06-17 12:12:35,dev-013,Developer,1,CI-CD,IN,ec2_modify_sg,VPC,0,4
2025-06-17 11:51:41,dev-043,DevOps,1,Console,IN,iam_attach_role,RDS-DB,0,2
2025-06-17 11:14:21,dev-028,DevOps,1,CI-CD,US,git_push_commit,S3-Bucket,0,3
2025-06-17 12:06:28,dev-043,DevOps,1,CI-CD,JP,ec2_modify_sg,EC2-Instance,0,2
2025-06-17 16:47:38,dev-013,Senior-Dev,1,CI-CD,US,iam_attach_role,IAM-Role,0,1
2025-06-17 19:44:18,dev-009,Senior-Dev,1,Console,IN,cloudformation_deploy,CloudFormation-Stack,0,1
2025-06-17 15:29:06,ci-bot-2,DevOps,1,CI-CD,UK,git_pr_merge,EC2-Instance,0,4
2025-06-17 12:11:37,dev-017,Developer,1,CI-CD,DE,cloudformation_deploy,VPC,0,1
2025-06-17 07:42:54,dev-045,Developer,1,CI-CD,UK,iam_attach_role,CloudFormation-Stack,0,1
2025-06-17 11:06:06,dev-043,DevOps,1,CI-CD,US,s3_put_bucket_policy,S3-Bucket,0,4
2025-06-17 09:20:03,dev-039,Senior-Dev,1,CI-CD,DE,lambda_update_config,S3-Bucket,0,1
2025-06-17 06:14:47,dev-043,Senior-Dev,1,CI-CD,JP,ebs_create_snapshot,RDS-DB,0,3
2025-06-17 13:05:19,dev-001,SRE,1,Console,IN,lambda_update_config,EC2-Instance,0,4
2025-06-17 13:00:45,dev-044,Senior-Dev,0,CI-CD,DE,rds_modify_instance,VPC,0,1
2025-06-17 12:13:37,dev-025,Developer,1,CI-CD,IN,s3_put_bucket_policy,S3-Bucket,0,2
2025-06-17 14:22:46,dev-009,SRE,1,CI-CD,JP,rds_modify_instance,EC2-Instance,0,4
2025-06-17 12:54:20,ci-bot-2,DevOps,1,Console,DE,ebs_create_snapshot,EC2-Instance,0,2
2025-06-17 08:12:12,dev-019,Senior-Dev,1,CI-CD,UK,git_pr_merge,CloudFormation-Stack,0,2
2025-06-17 17:12:16,dev-003,DevOps,1,Console,IN,lambda_update_config,EC2-Instance,0,4
2025-06-17 15:31:10,dev-006,Developer,1,CI-CD,US,git_push_commit,IAM-Role,0,3
2025-06-17 09:52:51,dev-045,DevOps,1,CI-CD,JP,ebs_create_snapshot,IAM-Role,0,2
2025-06-17 05:01:40,breach-acct-13,Unknown-Role,0,CI-CD,RU,s3_set_bucket_public,IAM-Role,1,4
2025-06-17 16:25:54,dev-009,SRE,1,Console,US,ec2_modify_sg,RDS-DB,0,3
2025-06-17 18:20:07,dev-007,Developer,1,Console,UK,ec2_modify_sg,IAM-Role,0,1
2025-06-17 06:07:55,dev-018,DevOps,1,CI-CD,IN,iam_attach_role,S3-Bucket,0,2
2025-06-17 09:03:11,ci-bot-1,SRE,1,CI-CD,UK,git_push_commit,Lambda-Function,0,4
2025-06-17 14:21:10,dev-007,DevOps,1,Console,JP,lambda_update_config,S3-Bucket,0,2
2025-06-17 11:21:38,dev-010,SRE,1,CI-CD,DE,cloudformation_deploy,IAM-Role,0,3
2025-06-17 04:09:53,dev-004,SRE,1,CI-CD,DE,ebs_create_snapshot,S3-Bucket,0,2
2025-06-17 12:36:22,dev-050,DevOps,1,Console,US,lambda_update_config,Lambda-Function,0,2
2025-06-17 02:40:28,dev-041,Developer,1,Console,UK,cloudformation_deploy,RDS-DB,0,2
2025-06-17 17:01:03,ci-bot-1,SRE,1,CI-CD,IN,lambda_update_config,S3-Bucket,0,2
2025-06-17 19:18:44,dev-030,Developer,1,Console,IN,lambda_update_config,Lambda-Function,0,1
2025-06-17 16:11:10,ci-bot-1,Developer,1,CI-CD,UK,ebs_create_snapshot,VPC,0,3
2025-06-17 19:41:23,dev-001,Senior-Dev,1,CI-CD,IN,cloudformation_deploy,VPC,0,1
2025-06-17 15:51:29,ci-bot-4,Developer,0,Console,IN,s3_put_bucket_policy,CloudFormation-Stack,0,1
2025-06-17 12:31:01,dev-006,DevOps,1,Console,UK,git_pr_merge,S3-Bucket,0,1
2025-06-17 09:18:19,dev-031,SRE,1,CI-CD,IN,cloudformation_deploy,IAM-Role,0,3
2025-06-17 14:18:16,dev-047,Senior-Dev,1,CI-CD,UK,git_pr_merge,EC2-Instance,0,4
2025-06-17 16:50:57,dev-039,Senior-Dev,1,CI-CD,IN,iam_attach_role,EC2-Instance,0,3
2025-06-17 14:23:02,dev-026,Developer,1,CI-CD,IN,git_push_commit,S3-Bucket,0,4
2025-06-17 16:14:37,dev-015,Developer,1,CI-CD,UK,s3_put_bucket_policy,S3-Bucket,0,3
2025-06-17 15:17:58,dev-039,Developer,1,CI-CD,JP,git_pr_merge,EC2-Instance,0,3
2025-06-17 12:41:45,dev-042,SRE,1,CI-CD,UK,ec2_modify_sg,CloudFormation-Stack,0,4
2025-06-17 09:08:48,dev-008,DevOps,1,CI-CD,UK,lambda_update_config,EC2-Instance,0,1
2025-06-17 12:50:25,dev-010,Senior-Dev,1,CI-CD,US,rds_modify_instance,Lambda-Function,0,3
2025-06-17 16:03:37,dev-036,SRE,1,CI-CD,JP,ec2_modify_sg,EC2-Instance,0,3
2025-06-17 15:45:09,dev-028,Senior-Dev,1,Console,DE,rds_modify_instance,CloudFormation-Stack,0,4
2025-06-17 10:54:20,dev-025,Developer,1,CI-CD,UK,cloudformation_deploy,Lambda-Function,0,3
2025-06-17 15:11:10,dev-014,Senior-Dev,1,CI-CD,JP,lambda_update_config,CloudFormation-Stack,0,2
2025-06-17 11:11:27,dev-039,Developer,1,Console,UK,rds_modify_instance,EC2-Instance,0,4
2025-06-17 16:11:23,dev-021,Senior-Dev,1,CI-CD,JP,rds_modify_instance,RDS-DB,0,3
2025-06-17 13:42:06,ci-bot-5,Senior-Dev,1,CI-CD,DE,cloudformation_deploy,CloudFormation-Stack,0,1
2025-06-17 15:51:08,dev-006,SRE,1,Console,US,iam_attach_role,VPC,0,4
2025-06-17 16:08:39,dev-006,Developer,1,Console,JP,rds_modify_instance,Lambda-Function,0,4
2025-06-17 18:59:21,ci-bot-4,SRE,1,CI-CD,DE,ec2_modify_sg,CloudFormation-Stack,0,3
2025-06-17 13:26:22,dev-004,Senior-Dev,1,CI-CD,IN,s3_put_bucket_policy,RDS-DB,0,1
2025-06-17 01:38:54,dev-027,Developer,1,CI-CD,US,rds_modify_instance,IAM-Role,0,1
2025-06-17 09:47:18,dev-036,DevOps,1,CI-CD,JP,rds_modify_instance,RDS-DB,0,2
2025-06-17 10:31:55,ci-bot-4,SRE,1,Console,DE,git_push_commit,VPC,0,3
2025-06-17 08:19:28,dev-024,SRE,1,CI-CD,JP,ebs_create_snapshot,VPC,0,4
2025-06-17 16:05:54,dev-012,Developer,1,CI-CD,UK,cloudformation_deploy,S3-Bucket,0,2
2025-06-17 05:41:05,dev-015,SRE,1,Console,JP,git_pr_merge,EC2-Instance,0,3
2025-06-17 13:21:48,dev-025,SRE,1,Console,DE,s3_put_bucket_policy,Lambda-Function,0,1
2025-06-17 17:12:37,dev-035,Senior-Dev,1,CI-CD,JP,lambda_update_config,Lambda-Function,0,3
2025-06-17 01:34:47,ci-bot-3,SRE,1,CI-CD,UK,ebs_create_snapshot,CloudFormation-Stack,0,4
2025-06-17 14:38:03,dev-001,Senior-Dev,1,CI-CD,UK,git_push_commit,EC2-Instance,0,3
2025-06-17 18:22:03,dev-026,SRE,1,CI-CD,JP,s3_put_bucket_policy,RDS-DB,0,2
2025-06-17 10:46:27,ci-bot-1,DevOps,1,CI-CD,IN,git_pr_merge,IAM-Role,0,2
2025-06-17 16:20:49,dev-029,Developer,1,CI-CD,US,ec2_modify_sg,VPC,0,1
2025-06-17 09:08:48,dev-006,SRE,1,CI-CD,IN,ec2_modify_sg,Lambda-Function,0,3
2025-06-17 09:14:53,dev-008,DevOps,1,CI-CD,UK,ebs_create_snapshot,RDS-DB,0,3
2025-06-17 18:09:58,dev-018,Senior-Dev,1,CI-CD,DE,git_push_commit,Lambda-Function,0,1
2025-06-17 09:07:52,dev-009,Developer,1,CI-CD,DE,iam_attach_role,CloudFormation-Stack,0,4
2025-06-17 16:49:49,dev-021,DevOps,1,CI-CD,IN,ec2_modify_sg,Lambda-Function,0,1
2025-06-17 09:08:08,dev-001,Senior-Dev,1,CI-CD,UK,ec2_modify_sg,IAM-Role,0,4
2025-06-17 11:06:20,dev-034,Senior-Dev,1,CI-CD,US,iam_attach_role,RDS-DB,0,4
2025-06-17 18:44:24,dev-044,Senior-Dev,1,CI-CD,DE,ebs_create_snapshot,S3-Bucket,0,3
2025-06-17 01:43:26,external-001,External-Contractor,0,Console,CN,iam_create_admin_policy,EC2-Instance,1,4
2025-06-17 14:12:54,dev-005,DevOps,1,CI-CD,US,ebs_create_snapshot,RDS-DB,0,1
2025-06-17 18:48:00,dev-044,SRE,1,CI-CD,UK,ec2_modify_sg,RDS-DB,0,2
2025-06-17 16:10:05,dev-018,SRE,1,CI-CD,UK,iam_attach_role,CloudFormation-Stack,0,4
2025-06-17 11:35:20,dev-050,SRE,1,CI-CD,DE,git_push_commit,EC2-Instance,0,3
2025-06-17 10:25:43,dev-033,SRE,1,CI-CD,DE,git_pr_merge,VPC,0,2
2025-06-17 10:58:21,dev-037,Senior-Dev,1,CI-CD,US,cloudformation_deploy,EC2-Instance,0,3
2025-06-17 18:51:00,dev-049,Senior-Dev,1,CI-CD,DE,cloudformation_deploy,VPC,0,4
2025-06-17 14:51:23,dev-040,Senior-Dev,1,CI-CD,US,rds_modify_instance,EC2-Instance,0,4
2025-06-17 18:53:01,dev-004,Developer,1,CI-CD,IN,git_push_commit,Lambda-Function,0,2
2025-06-17 12:44:25,dev-018,DevOps,1,CI-CD,JP,git_pr_merge,VPC,0,3
2025-06-17 18:25:48,dev-014,DevOps,1,CI-CD,UK,git_pr_merge,VPC,0,4
2025-06-17 04:52:47,breach-acct-13,External-Contractor,0,CI-CD,IR,iam_create_admin_policy,VPC,0,4
2025-06-17 15:00:09,dev-050,SRE,1,CI-CD,DE,git_pr_merge,Lambda-Function,0,2
2025-06-17 15:21:50,dev-006,SRE,1,CI-CD,JP,lambda_update_config,Lambda-Function,0,4
2025-06-17 08:07:42,dev-035,Senior-Dev,0,CI-CD,UK,lambda_update_config,CloudFormation-Stack,0,4
2025-06-17 16:30:15,ci-bot-5,Senior-Dev,1,Console,JP,ec2_modify_sg,VPC,0,4
2025-06-17 10:44:43,dev-007,SRE,1,Console,US,rds_modify_instance,CloudFormation-Stack,0,2
2025-06-17 08:39:05,dev-027,SRE,1,CI-CD,DE,lambda_update_config,EC2-Instance,0,4
2025-06-17 12:08:46,dev-040,DevOps,1,CI-CD,JP,iam_attach_role,Lambda-Function,0,4
2025-06-17 18:48:38,ci-bot-1,Developer,1,CI-CD,DE,s3_put_bucket_policy,VPC,0,1
2025-06-17 18:56:20,dev-020,SRE,1,Console,DE,s3_put_bucket_policy,VPC,0,1
2025-06-17 10:54:01,dev-009,Senior-Dev,1,Console,US,lambda_update_config,IAM-Role,0,4
2025-06-17 09:32:41,dev-011,Senior-Dev,1,CI-CD,IN,git_pr_merge,CloudFormation-Stack,0,1
2025-06-17 10:42:33,dev-015,DevOps,1,CI-CD,IN,iam_attach_role,RDS-DB,0,4
2025-06-17 09:22:35,dev-006,SRE,1,CI-CD,JP,cloudformation_deploy,CloudFormation-Stack,0,1
2025-06-17 16:15:06,dev-030,Developer,1,CI-CD,US,ec2_modify_sg,CloudFormation-Stack,0,2
2025-06-17 18:56:36,dev-028,SRE,1,CI-CD,UK,s3_put_bucket_policy,Lambda-Function,0,3
2025-06-17 11:27:25,dev-050,Developer,1,Console,DE,cloudformation_deploy,VPC,0,1
2025-06-17 12:55:41,dev-009,Senior-Dev,1,Console,UK,cloudformation_deploy,Lambda-Function,0,2
2025-06-17 09:34:03,dev-005,DevOps,1,CI-CD,UK,cloudformation_deploy,EC2-Instance,0,4
2025-06-17 15:40:44,dev-024,Developer,1,Console,UK,lambda_update_config,Lambda-Function,0,1
2025-06-17 12:25:03,dev-041,Developer,1,Console,DE,s3_put_bucket_policy,CloudFormation-Stack,0,4
2025-06-17 09:32:49,dev-035,Developer,1,Console,IN,iam_attach_role,VPC,0,4
2025-06-17 00:59:11,external-001,External-Contractor,0,Console,CN,vpc_flow_logs_disable,Lambda-Function,1,5
2025-06-17 19:30:07,dev-018,DevOps,1,CI-CD,JP,iam_attach_role,RDS-DB,0,2
2025-06-17 11:22:13,dev-013,Developer,1,CI-CD,DE,git_push_commit,VPC,0,1
2025-06-17 13:45:12,dev-018,SRE,1,CI-CD,US,ec2_modify_sg,IAM-Role,0,3
2025-06-17 19:39:34,dev-037,Senior-Dev,1,CI-CD,DE,ec2_modify_sg,VPC,0,3
2025-06-17 16:10:34,dev-020,Developer,1,CI-CD,JP,iam_attach_role,Lambda-Function,0,3
2025-06-17 18:39:58,dev-040,Senior-Dev,0,CI-CD,DE,cloudformation_deploy,CloudFormation-Stack,0,1
2025-06-17 19:43:50,dev-035,DevOps,1,CI-CD,US,rds_modify_instance,RDS-DB,0,2
2025-06-17 11:43:53,dev-037,Developer,0,CI-CD,DE,ec2_modify_sg,CloudFormation-Stack,0,2
2025-06-17 18:58:21,dev-040,SRE,1,CI-CD,DE,rds_modify_instance,EC2-Instance,0,4
2025-06-17 09:05:03,dev-028,Senior-Dev,1,CI-CD,DE,rds_modify_instance,Lambda-Function,0,4
2025-06-17 19:55:05,dev-007,SRE,1,CI-CD,UK,cloudformation_deploy,RDS-DB,0,3
2025-06-17 16:22:27,dev-048,SRE,1,CI-CD,DE,git_push_commit,IAM-Role,0,1
2025-06-17 03:18:14,dev-024,Senior-Dev,1,Console,UK,git_push_commit,S3-Bucket,0,1
2025-06-17 02:35:53,unknown-777,Compromised-User,0,CI-CD,RU,s3_set_bucket_public,Lambda-Function,1,4
2025-06-17 12:12:07,dev-012,Developer,1,Console,IN,ebs_create_snapshot,RDS-DB,0,1
2025-06-17 11:28:55,dev-016,DevOps,1,CI-CD,JP,iam_attach_role,CloudFormation-Stack,0,3
2025-06-17 19:04:30,dev-029,SRE,1,CI-CD,IN,lambda_update_config,VPC,0,1
2025-06-17 07:06:18,dev-027,Developer,1,Console,UK,git_pr_merge,EC2-Instance,0,3
2025-06-17 12:29:10,dev-040,Senior-Dev,1,CI-CD,UK,iam_attach_role,IAM-Role,0,2
2025-06-17 12:26:11,dev-036,DevOps,1,Console,UK,lambda_update_config,IAM-Role,0,4
2025-06-17 10:46:06,dev-026,DevOps,1,CI-CD,DE,git_pr_merge,VPC,0,4
2025-06-17 17:00:15,dev-036,SRE,1,CI-CD,UK,ec2_modify_sg,IAM-Role,0,2
2025-06-17 18:33:19,dev-030,Developer,1,CI-CD,JP,cloudformation_deploy,RDS-DB,0,1
2025-06-17 17:28:24,dev-033,Senior-Dev,1,Console,US,lambda_update_config,S3-Bucket,0,1
2025-06-17 09:52:54,ci-bot-1,DevOps,1,CI-CD,DE,lambda_update_config,EC2-Instance,0,2
2025-06-17 09:21:10,dev-002,SRE,1,CI-CD,JP,rds_modify_instance,Lambda-Function,0,3
2025-06-17 14:35:00,dev-008,Developer,1,CI-CD,UK,rds_modify_instance,S3-Bucket,0,3
2025-06-17 18:17:49,dev-050,DevOps,1,CI-CD,US,git_push_commit,IAM-Role,0,3
2025-06-17 12:08:13,dev-009,Developer,1,Console,US,s3_put_bucket_policy,S3-Bucket,0,4
2025-06-17 18:41:27,dev-034,DevOps,1,CI-CD,IN,cloudformation_deploy,IAM-Role,0,4
2025-06-17 13:52:24,ci-bot-3,SRE,1,Console,US,s3_put_bucket_policy,Lambda-Function,0,3
2025-06-17 15:17:53,dev-025,DevOps,1,CI-CD,UK,s3_put_bucket_policy,IAM-Role,0,1
2025-06-17 17:47:32,dev-008,SRE,1,CI-CD,IN,s3_put_bucket_policy,CloudFormation-Stack,0,3
2025-06-17 01:33:47,hacker-666,Unknown-Role,0,Console,RU,vpc_flow_logs_disable,VPC,1,4
2025-06-17 18:00:30,dev-009,Senior-Dev,1,CI-CD,DE,git_push_commit,RDS-DB,0,3
2025-06-17 12:24:26,dev-050,SRE,1,CI-CD,DE,s3_put_bucket_policy,EC2-Instance,0,1
2025-06-17 08:13:30,dev-005,Senior-Dev,1,CI-CD,JP,ec2_modify_sg,S3-Bucket,0,3
2025-06-17 18:04:47,dev-046,DevOps,1,CI-CD,DE,rds_modify_instance,S3-Bucket,0,4
2025-06-17 12:50:04,dev-020,SRE,1,CI-CD,US,s3_put_bucket_policy,RDS-DB,0,3
2025-06-17 18:39:57,dev-011,Senior-Dev,1,Console,JP,lambda_update_config,VPC,0,4
2025-06-17 19:05:22,dev-029,SRE,1,CI-CD,IN,git_push_commit,VPC,0,3
2025-06-17 18:59:04,dev-033,Senior-Dev,1,CI-CD,US,iam_attach_role,VPC,0,3
2025-06-17 16:27:49,dev-045,Senior-Dev,1,CI-CD,UK,ebs_create_snapshot,Lambda-Function,0,2
2025-06-17 09:06:10,dev-050,Developer,1,CI-CD,UK,cloudformation_deploy,CloudFormation-Stack,0,1
2025-06-17 04:57:41,external-001,Compromised-User,0,Console,KP,iam_create_admin_policy,IAM-Role,1,5
2025-06-17 12:55:37,dev-028,SRE,1,CI-CD,US,lambda_update_config,RDS-DB,0,2
2025-06-17 15:56:02,dev-003,SRE,1,Console,DE,git_push_commit,VPC,0,2
2025-06-17 09:20:38,dev-020,Developer,1,CI-CD,DE,s3_put_bucket_policy,Lambda-Function,0,2
2025-06-17 00:48:42,dev-025,SRE,1,CI-CD,UK,cloudformation_deploy,Lambda-Function,0,1
2025-06-17 08:23:08,dev-037,Senior-Dev,1,Console,JP,git_pr_merge,EC2-Instance,0,2
2025-06-17 19:03:52,dev-040,SRE,1,Console,DE,s3_put_bucket_policy,IAM-Role,0,1
2025-06-17 10:07:23,dev-046,Developer,1,CI-CD,IN,ec2_modify_sg,VPC,0,1
2025-06-17 17:51:39,dev-015,Developer,1,CI-CD,JP,git_pr_merge,S3-Bucket,0,2
2025-06-17 02:45:35,hacker-666,External-Contractor,0,Console,NG,iam_create_mfa_delete_policy,IAM-Role,1,4
2025-06-17 02:54:38,dev-044,DevOps,1,CI-CD,DE,git_pr_merge,Lambda-Function,0,1
2025-06-17 12:41:50,dev-050,Senior-Dev,1,CI-CD,UK,rds_modify_instance,RDS-DB,0,4
2025-06-17 13:07:47,dev-035,Senior-Dev,1,Console,DE,rds_modify_instance,VPC,0,3
2025-06-17 12:11:07,dev-024,Developer,1,Console,JP,rds_modify_instance,S3-Bucket,0,4
2025-06-17 17:25:49,dev-038,Senior-Dev,1,CI-CD,IN,rds_modify_instance,Lambda-Function,0,2
2025-06-17 15:24:04,dev-022,Senior-Dev,1,CI-CD,JP,git_pr_merge,VPC,0,2
2025-06-17 05:18:44,breach-acct-13,Unknown-Role,0,Console,RU,s3_set_bucket_public,RDS-DB,1,5
2025-06-17 14:36:53,dev-016,DevOps,1,Console,DE,git_push_commit,CloudFormation-Stack,0,4
2025-06-17 08:15:59,dev-047,DevOps,1,CI-CD,DE,git_pr_merge,RDS-DB,0,1
2025-06-17 13:02:09,ci-bot-5,Developer,1,Console,DE,git_pr_merge,S3-Bucket,0,1
2025-06-17 12:53:10,dev-011,Developer,1,CI-CD,US,rds_modify_instance,RDS-DB,0,4
2025-06-17 09:08:20,dev-042,Developer,1,CI-CD,DE,iam_attach_role,CloudFormation-Stack,0,2
2025-06-17 10:32:31,dev-006,Developer,1,CI-CD,UK,cloudformation_deploy,VPC,0,1
2025-06-17 11:18:36,ci-bot-1,SRE,1,CI-CD,DE,ebs_create_snapshot,CloudFormation-Stack,0,2
2025-06-17 03:13:10,unknown-777,External-Contractor,0,Console,KP,cloudtrail_delete,S3-Bucket,1,5
2025-06-17 19:58:08,dev-021,DevOps,1,CI-CD,IN,lambda_update_config,RDS-DB,0,4
2025-06-17 10:05:18,dev-006,DevOps,1,CI-CD,US,lambda_update_config,Lambda-Function,0,4
2025-06-17 19:19:29,dev-042,Senior-Dev,1,CI-CD,JP,git_push_commit,IAM-Role,0,2
2025-06-17 11:09:41,dev-045,Developer,1,Console,US,cloudformation_deploy,IAM-Role,0,2
2025-06-17 11:21:26,dev-020,DevOps,0,CI-CD,US,git_pr_merge,S3-Bucket,0,2
2025-06-17 16:42:43,dev-006,Developer,1,CI-CD,IN,s3_put_bucket_policy,RDS-DB,0,2
2025-06-17 11:12:52,dev-030,SRE,1,Console,UK,lambda_update_config,S3-Bucket,0,2
2025-06-17 10:18:02,dev-037,Developer,1,CI-CD,JP,ebs_create_snapshot,RDS-DB,0,1
2025-06-17 11:21:12,dev-044,SRE,1,Console,DE,lambda_update_config,RDS-DB,0,2
2025-06-17 14:10:29,dev-001,SRE,0,Console,IN,s3_put_bucket_policy,CloudFormation-Stack,0,3
2025-06-17 10:57:34,dev-013,SRE,1,CI-CD,US,ec2_modify_sg,CloudFormation-Stack,0,1
2025-06-17 19:20:43,dev-029,Senior-Dev,1,CI-CD,IN,s3_put_bucket_policy,EC2-Instance,0,4
2025-06-17 13:24:46,dev-047,Senior-Dev,1,CI-CD,UK,s3_put_bucket_policy,VPC,0,3
2025-06-17 09:02:36,dev-042,DevOps,1,CI-CD,IN,git_push_commit,S3-Bucket,0,3
2025-06-17 10:24:36,dev-048,SRE,1,Console,DE,lambda_update_config,RDS-DB,0,4
2025-06-17 16:45:43,dev-030,SRE,1,Console,JP,s3_put_bucket_policy,CloudFormation-Stack,0,4
2025-06-17 03:56:28,external-001,Compromised-User,0,Console,NG,s3_set_bucket_public,VPC,1,4
2025-06-17 15:39:21,dev-024,Senior-Dev,1,CI-CD,DE,git_pr_merge,CloudFormation-Stack,0,4
2025-06-17 17:37:42,ci-bot-4,Senior-Dev,1,Console,JP,cloudformation_deploy,RDS-DB,0,1
2025-06-17 15:28:25,dev-001,Developer,0,CI-CD,IN,iam_attach_role,EC2-Instance,0,1
2025-06-17 14:20:56,ci-bot-5,Developer,1,CI-CD,JP,ec2_modify_sg,EC2-Instance,0,4
2025-06-17 15:43:29,dev-010,SRE,1,CI-CD,US,git_pr_merge,EC2-Instance,0,1
2025-06-17 15:51:20,dev-008,Developer,1,CI-CD,UK,s3_put_bucket_policy,VPC,0,3
2025-06-17 11:26:58,dev-047,SRE,1,CI-CD,DE,s3_put_bucket_policy,VPC,0,1
2025-06-17 16:24:15,dev-033,SRE,1,CI-CD,JP,cloudformation_deploy,Lambda-Function,0,3
2025-06-17 15:25:56,dev-020,SRE,1,CI-CD,IN,ec2_modify_sg,RDS-DB,0,2
2025-06-17 11:53:33,dev-042,SRE,1,CI-CD,DE,ebs_create_snapshot,VPC,0,4
2025-06-17 12:02:44,dev-024,Senior-Dev,1,Console,DE,s3_put_bucket_policy,RDS-DB,0,3
2025-06-17 14:57:10,dev-021,DevOps,1,CI-CD,JP,ec2_modify_sg,IAM-Role,0,2
2025-06-17 04:46:08,dev-027,SRE,1,CI-CD,US,git_pr_merge,IAM-Role,0,3
2025-06-17 15:55:38,dev-035,Developer,1,CI-CD,JP,rds_modify_instance,RDS-DB,0,1
2025-06-17 12:00:21,dev-045,Developer,1,CI-CD,DE,lambda_update_config,RDS-DB,0,2
2025-06-17 17:31:40,dev-028,DevOps,1,Console,JP,iam_attach_role,IAM-Role,0,2
2025-06-17 08:47:11,ci-bot-2,Senior-Dev,1,Console,JP,ebs_create_snapshot,RDS-DB,0,1
2025-06-17 15:38:21,dev-002,Senior-Dev,1,CI-CD,JP,ec2_modify_sg,S3-Bucket,0,2
2025-06-17 16:17:52,dev-040,Developer,1,CI-CD,DE,git_pr_merge,VPC,0,3
2025-06-17 11:28:37,dev-028,DevOps,1,CI-CD,DE,s3_put_bucket_policy,VPC,0,1
2025-06-17 14:46:53,dev-009,Developer,1,Console,DE,lambda_update_config,EC2-Instance,0,4
2025-06-17 05:36:40,breach-acct-13,Unknown-Role,0,Console,KP,iam_create_mfa_delete_policy,VPC,1,4
2025-06-17 08:19:36,dev-039,Developer,1,CI-CD,JP,rds_modify_instance,VPC,0,4
2025-06-17 12:13:03,dev-038,Developer,1,CI-CD,IN,ebs_create_snapshot,VPC,0,2
2025-06-17 11:42:52,dev-048,DevOps,1,CI-CD,IN,cloudformation_deploy,VPC,0,1
2025-06-17 10:04:45,dev-050,DevOps,1,CI-CD,UK,ec2_modify_sg,EC2-Instance,0,3
2025-06-17 09:45:58,ci-bot-1,Senior-Dev,1,Console,JP,rds_modify_instance,CloudFormation-Stack,0,4
2025-06-17 09:50:01,dev-009,Senior-Dev,1,CI-CD,UK,ec2_modify_sg,RDS-DB,0,3
2025-06-17 13:07:29,dev-008,Senior-Dev,1,CI-CD,DE,rds_modify_instance,RDS-DB,0,1
2025-06-17 13:44:25,dev-044,Senior-Dev,1,Console,IN,git_push_commit,S3-Bucket,0,1
2025-06-17 12:09:19,dev-001,Developer,1,Console,UK,git_pr_merge,EC2-Instance,0,4
2025-06-17 16:59:58,dev-027,Senior-Dev,1,CI-CD,UK,s3_put_bucket_policy,RDS-DB,0,2
2025-06-17 14:44:08,dev-031,Developer,1,CI-CD,US,s3_put_bucket_policy,EC2-Instance,0,3
2025-06-17 12:41:37,dev-026,DevOps,1,Console,IN,lambda_update_config,VPC,0,3
2025-06-17 18:43:41,dev-026,SRE,0,CI-CD,US,s3_put_bucket_policy,EC2-Instance,0,2
2025-06-17 10:26:56,ci-bot-4,Senior-Dev,1,CI-CD,JP,ebs_create_snapshot,IAM-Role,0,3
2025-06-17 02:41:01,anomalous-999,External-Contractor,1,Console,KP,bypass_ci_cd_clickops,EC2-Instance,1,5
2025-06-17 14:22:37,ci-bot-2,Developer,1,CI-CD,UK,s3_put_bucket_policy,EC2-Instance,0,4
2025-06-17 13:58:51,dev-040,Senior-Dev,1,CI-CD,JP,iam_attach_role,EC2-Instance,0,1
2025-06-17 07:00:14,dev-048,Developer,1,CI-CD,DE,lambda_update_config,S3-Bucket,0,3
2025-06-17 09:06:00,dev-039,Developer,1,Console,IN,iam_attach_role,RDS-DB,0,3
2025-06-17 14:30:37,ci-bot-5,Developer,1,CI-CD,JP,s3_put_bucket_policy,RDS-DB,0,1
2025-06-17 16:01:11,dev-007,SRE,1,Console,US,lambda_update_config,S3-Bucket,0,2
2025-06-17 10:56:39,dev-015,SRE,0,CI-CD,US,ebs_create_snapshot,RDS-DB,0,1
2025-06-17 18:19:29,dev-021,Developer,1,CI-CD,IN,s3_put_bucket_policy,S3-Bucket,0,2
2025-06-17 13:12:20,dev-023,Developer,1,CI-CD,DE,ebs_create_snapshot,VPC,0,2
2025-06-17 08:08:00,dev-023,Senior-Dev,1,CI-CD,DE,ec2_modify_sg,IAM-Role,0,4
2025-06-17 14:58:35,dev-029,Developer,1,CI-CD,IN,git_push_commit,RDS-DB,0,2
2025-06-17 15:36:47,dev-050,DevOps,1,CI-CD,US,git_push_commit,CloudFormation-Stack,0,3
2025-06-17 03:12:10,dev-022,SRE,1,CI-CD,US,ebs_create_snapshot,Lambda-Function,0,1
2025-06-17 01:10:05,unknown-777,Compromised-User,0,Console,NG,s3_set_bucket_public,RDS-DB,0,5
2025-06-17 14:18:07,dev-026,Developer,0,CI-CD,IN,ebs_create_snapshot,CloudFormation-Stack,0,3
2025-06-17 12:40:43,dev-031,Developer,1,Console,US,git_push_commit,IAM-Role,0,1
2025-06-17 18:28:23,dev-024,DevOps,1,CI-CD,IN,git_pr_merge,Lambda-Function,0,3
2025-06-17 19:42:58,ci-bot-3,Developer,1,Console,IN,lambda_update_config,IAM-Role,0,1
2025-06-17 12:05:15,dev-008,DevOps,1,Console,UK,rds_modify_instance,Lambda-Function,0,4
2025-06-17 16:13:24,dev-027,DevOps,1,CI-CD,DE,s3_put_bucket_policy,S3-Bucket,0,2
2025-06-17 11:34:13,dev-049,Developer,1,Console,UK,git_pr_merge,VPC,0,3
2025-06-17 12:44:47,dev-006,DevOps,1,CI-CD,IN,ebs_create_snapshot,S3-Bucket,0,4
2025-06-17 08:41:15,ci-bot-3,Senior-Dev,1,CI-CD,DE,git_pr_merge,EC2-Instance,0,1
2025-06-17 12:44:45,dev-034,Senior-Dev,1,Console,UK,iam_attach_role,EC2-Instance,0,1
2025-06-17 15:39:13,dev-016,DevOps,1,Console,DE,cloudformation_deploy,IAM-Role,0,4
2025-06-17 09:19:53,dev-044,DevOps,1,CI-CD,US,ebs_create_snapshot,RDS-DB,0,2
2025-06-17 16:31:34,dev-035,DevOps,1,Console,JP,s3_put_bucket_policy,VPC,0,4
2025-06-17 17:04:26,dev-003,Developer,1,CI-CD,UK,cloudformation_deploy,EC2-Instance,0,3
2025-06-17 12:43:27,dev-045,Senior-Dev,1,CI-CD,DE,lambda_update_config,RDS-DB,0,3
2025-06-17 03:01:07,unknown-777,External-Contractor,0,Console,CN,s3_set_bucket_public,IAM-Role,1,5
2025-06-17 16:06:32,dev-028,DevOps,1,CI-CD,IN,git_push_commit,EC2-Instance,0,3
2025-06-17 17:18:51,dev-016,Developer,1,CI-CD,UK,cloudformation_deploy,EC2-Instance,0,3
2025-06-17 12:49:24,dev-033,DevOps,0,Console,IN,iam_attach_role,CloudFormation-Stack,0,3
2025-06-17 19:28:40,dev-024,Developer,1,CI-CD,IN,iam_attach_role,Lambda-Function,0,4
2025-06-17 18:03:57,dev-020,Developer,1,CI-CD,IN,s3_put_bucket_policy,CloudFormation-Stack,0,1
2025-06-17 15:02:40,dev-025,SRE,1,CI-CD,US,git_pr_merge,IAM-Role,0,1
2025-06-17 09:33:49,dev-043,SRE,1,Console,UK,git_pr_merge,IAM-Role,0,2
2025-06-17 02:24:15,dev-017,Senior-Dev,1,CI-CD,JP,git_pr_merge,S3-Bucket,0,2
2025-06-17 10:47:33,dev-045,SRE,1,Console,JP,ec2_modify_sg,EC2-Instance,0,1
2025-06-17 10:50:12,dev-013,DevOps,1,CI-CD,JP,lambda_update_config,S3-Bucket,0,2
2025-06-17 16:20:24,dev-017,Developer,1,CI-CD,UK,git_push_commit,IAM-Role,0,2
2025-06-17 13:24:40,dev-035,Senior-Dev,1,CI-CD,IN,s3_put_bucket_policy,CloudFormation-Stack,0,3
2025-06-17 15:19:09,dev-009,SRE,1,CI-CD,DE,ec2_modify_sg,VPC,0,1
2025-06-17 16:43:27,dev-018,Developer,1,CI-CD,JP,rds_modify_instance,VPC,0,1
2025-06-17 09:15:27,dev-038,DevOps,1,CI-CD,DE,git_pr_merge,IAM-Role,0,3
2025-06-17 18:45:31,dev-029,Developer,1,CI-CD,UK,git_push_commit,RDS-DB,0,3
2025-06-17 15:41:59,dev-009,Developer,0,CI-CD,DE,git_push_commit,Lambda-Function,0,4
2025-06-17 13:50:22,dev-050,Developer,1,CI-CD,UK,rds_modify_instance,VPC,0,1
2025-06-17 16:17:51,dev-004,SRE,1,Console,US,rds_modify_instance,EC2-Instance,0,2
2025-06-17 18:48:25,dev-049,SRE,1,CI-CD,US,iam_attach_role,IAM-Role,0,3
2025-06-17 14:49:44,ci-bot-1,Developer,1,Console,JP,git_push_commit,RDS-DB,0,4
2025-06-17 11:30:01,dev-040,SRE,1,CI-CD,US,ebs_create_snapshot,RDS-DB,0,3
2025-06-17 09:46:30,dev-003,Senior-Dev,1,CI-CD,US,cloudformation_deploy,VPC,0,2
2025-06-17 03:12:04,hacker-666,External-Contractor,0,Console,NG,cloudtrail_delete,S3-Bucket,1,4
2025-06-17 15:04:57,dev-006,SRE,1,CI-CD,DE,rds_modify_instance,RDS-DB,0,3
2025-06-17 16:47:20,dev-030,Developer,1,CI-CD,UK,ebs_create_snapshot,CloudFormation-Stack,0,2
2025-06-17 03:02:17,external-001,Unknown-Role,0,Console,KP,vpc_flow_logs_disable,Lambda-Function,1,4
2025-06-17 19:53:40,dev-016,Developer,1,CI-CD,IN,s3_put_bucket_policy,CloudFormation-Stack,0,1
2025-06-17 15:06:33,dev-030,Developer,1,CI-CD,UK,s3_put_bucket_policy,Lambda-Function,0,3
2025-06-17 10:19:06,dev-038,Developer,1,CI-CD,JP,cloudformation_deploy,RDS-DB,0,2
2025-06-17 11:34:24,dev-013,Senior-Dev,1,CI-CD,UK,rds_modify_instance,RDS-DB,0,4
2025-06-17 05:13:29,external-001,Unknown-Role,0,Console,NG,root_account_keys_create,VPC,1,5
2025-06-17 16:21:42,dev-011,DevOps,1,Console,IN,git_pr_merge,CloudFormation-Stack,0,3
2025-06-17 11:10:29,dev-025,SRE,0,CI-CD,IN,lambda_update_config,RDS-DB,0,3
2025-06-17 14:18:41,dev-049,Senior-Dev,1,CI-CD,JP,git_push_commit,RDS-DB,0,2
2025-06-17 16:32:48,dev-008,Developer,1,CI-CD,IN,rds_modify_instance,CloudFormation-Stack,0,1
2025-06-17 12:50:17,dev-038,Developer,1,CI-CD,JP,ebs_create_snapshot,S3-Bucket,0,1
2025-06-17 00:14:48,dev-032,Senior-Dev,1,CI-CD,US,lambda_update_config,VPC,0,3
2025-06-17 15:35:31,ci-bot-2,Senior-Dev,1,Console,JP,rds_modify_instance,RDS-DB,0,4
2025-06-17 11:36:54,ci-bot-2,DevOps,1,Console,UK,iam_attach_role,IAM-Role,0,3
2025-06-17 15:05:00,dev-001,Senior-Dev,1,Console,IN,git_push_commit,Lambda-Function,0,4
2025-06-17 12:48:52,dev-008,Developer,1,CI-CD,DE,ebs_create_snapshot,RDS-DB,0,2
2025-06-17 11:21:12,dev-039,DevOps,1,Console,JP,git_push_commit,CloudFormation-Stack,0,3
2025-06-17 17:41:12,dev-021,DevOps,1,Console,JP,s3_put_bucket_policy,CloudFormation-Stack,0,3
2025-06-17 13:23:18,dev-014,DevOps,0,Console,US,s3_put_bucket_policy,RDS-DB,0,3
2025-06-17 13:45:02,dev-018,DevOps,1,Console,DE,ebs_create_snapshot,CloudFormation-Stack,0,3
2025-06-17 19:40:00,dev-041,Developer,1,CI-CD,IN,ec2_modify_sg,EC2-Instance,0,4
2025-06-17 17:25:37,dev-008,SRE,1,CI-CD,UK,git_push_commit,VPC,0,1
2025-06-17 11:46:16,dev-043,DevOps,0,CI-CD,UK,rds_modify_instance,RDS-DB,0,4
2025-06-17 12:10:57,dev-049,Developer,0,CI-CD,UK,rds_modify_instance,CloudFormation-Stack,0,4
2025-06-17 12:58:53,dev-031,Senior-Dev,1,CI-CD,IN,ec2_modify_sg,S3-Bucket,0,1
2025-06-17 09:50:30,ci-bot-1,Developer,1,CI-CD,IN,git_pr_merge,Lambda-Function,0,4
2025-06-17 14:36:43,ci-bot-1,Senior-Dev,1,CI-CD,JP,lambda_update_config,Lambda-Function,0,2
2025-06-17 09:43:42,dev-032,Developer,1,CI-CD,US,ebs_create_snapshot,EC2-Instance,0,3
2025-06-17 17:58:38,dev-037,DevOps,0,CI-CD,JP,s3_put_bucket_policy,VPC,0,4
2025-06-17 16:19:59,dev-043,Developer,1,CI-CD,US,s3_put_bucket_policy,RDS-DB,0,2
2025-06-17 16:41:19,dev-032,DevOps,0,CI-CD,DE,ec2_modify_sg,EC2-Instance,0,1
2025-06-17 17:13:45,dev-022,Senior-Dev,1,Console,IN,ebs_create_snapshot,EC2-Instance,0,1
2025-06-17 09:27:46,dev-030,SRE,1,CI-CD,JP,iam_attach_role,VPC,0,2
2025-06-17 05:54:56,hacker-666,External-Contractor,0,Console,NG,bypass_ci_cd_clickops,IAM-Role,1,5
2025-06-17 11:55:16,dev-014,Senior-Dev,1,CI-CD,IN,git_pr_merge,IAM-Role,0,1
2025-06-17 10:52:25,dev-044,Senior-Dev,1,CI-CD,UK,ebs_create_snapshot,RDS-DB,0,4
2025-06-17 19:09:30,ci-bot-2,Developer,1,CI-CD,IN,rds_modify_instance,RDS-DB,0,3
2025-06-17 14:25:52,dev-016,Developer,1,Console,JP,s3_put_bucket_policy,CloudFormation-Stack,0,4
2025-06-17 12:02:46,ci-bot-2,DevOps,1,CI-CD,DE,git_pr_merge,CloudFormation-Stack,0,4
2025-06-17 13:53:40,ci-bot-2,SRE,1,CI-CD,US,ec2_modify_sg,IAM-Role,0,4
2025-06-17 15:48:28,dev-043,DevOps,1,Console,US,cloudformation_deploy,Lambda-Function,0,2
2025-06-17 18:59:02,dev-009,Senior-Dev,1,CI-CD,IN,ec2_modify_sg,CloudFormation-Stack,0,1
2025-06-17 14:33:13,dev-045,Senior-Dev,1,CI-CD,IN,s3_put_bucket_policy,Lambda-Function,0,3
2025-06-17 12:20:58,dev-047,Developer,1,CI-CD,IN,git_pr_merge,CloudFormation-Stack,0,3
2025-06-17 13:21:52,dev-009,Developer,1,CI-CD,JP,ec2_modify_sg,IAM-Role,0,4
2025-06-17 18:15:33,dev-049,SRE,1,Console,DE,cloudformation_deploy,IAM-Role,0,1
2025-06-17 14:54:04,dev-015,DevOps,1,CI-CD,DE,ebs_create_snapshot,Lambda-Function,0,4
2025-06-17 09:19:26,dev-050,SRE,1,CI-CD,US,lambda_update_config,S3-Bucket,0,2
2025-06-17 14:00:16,dev-035,Developer,1,CI-CD,DE,cloudformation_deploy,CloudFormation-Stack,0,3
2025-06-17 13:55:30,dev-030,SRE,1,CI-CD,IN,iam_attach_role,VPC,0,4
2025-06-17 11:23:58,dev-016,Senior-Dev,1,CI-CD,US,git_pr_merge,CloudFormation-Stack,0,2
2025-06-17 16:46:18,dev-002,SRE,1,CI-CD,JP,ec2_modify_sg,EC2-Instance,0,2
2025-06-17 11:48:18,dev-021,SRE,1,Console,US,lambda_update_config,VPC,0,1
2025-06-17 00:06:58,dev-035,SRE,0,CI-CD,DE,git_pr_merge,EC2-Instance,0,3
2025-06-17 18:36:22,dev-044,DevOps,1,CI-CD,US,iam_attach_role,CloudFormation-Stack,0,2
2025-06-17 08:37:02,dev-009,SRE,1,Console,US,git_pr_merge,Lambda-Function,0,1
2025-06-17 19:50:50,dev-031,Developer,1,CI-CD,DE,iam_attach_role,S3-Bucket,0,3
2025-06-17 10:49:07,ci-bot-5,SRE,0,CI-CD,JP,s3_put_bucket_policy,EC2-Instance,0,3
2025-06-17 19:25:41,dev-006,SRE,1,Console,JP,git_pr_merge,RDS-DB,0,4
2025-06-17 14:41:10,dev-039,DevOps,1,CI-CD,UK,lambda_update_config,Lambda-Function,0,3
2025-06-17 02:27:13,unknown-777,External-Contractor,0,Console,RU,iam_create_mfa_delete_policy,EC2-Instance,1,4
2025-06-17 10:52:31,dev-001,Developer,1,CI-CD,IN,cloudformation_deploy,RDS-DB,0,3
2025-06-17 08:59:02,dev-043,DevOps,1,Console,JP,ec2_modify_sg,VPC,0,4
2025-06-17 17:16:44,dev-029,DevOps,1,Console,DE,ebs_create_snapshot,RDS-DB,0,4
2025-06-17 15:14:34,dev-016,SRE,0,Console,UK,git_pr_merge,RDS-DB,0,4
2025-06-17 17:40:27,dev-011,Senior-Dev,1,Console,US,git_pr_merge,VPC,0,3
2025-06-17 08:15:13,dev-005,Developer,1,CI-CD,US,lambda_update_config,RDS-DB,0,1
2025-06-17 09:21:36,dev-029,SRE,1,CI-CD,IN,iam_attach_role,S3-Bucket,0,4
2025-06-17 14:03:21,dev-001,Developer,1,Console,JP,ebs_create_snapshot,RDS-DB,0,3
2025-06-17 16:23:15,dev-025,Developer,1,CI-CD,US,git_pr_merge,CloudFormation-Stack,0,2
2025-06-17 08:44:46,dev-027,Senior-Dev,1,CI-CD,US,ec2_modify_sg,Lambda-Function,0,3
2025-06-17 11:56:27,dev-011,DevOps,1,CI-CD,IN,cloudformation_deploy,VPC,0,3
2025-06-17 10:54:36,dev-050,Senior-Dev,1,CI-CD,UK,git_push_commit,RDS-DB,0,4
2025-06-17 12:10:04,dev-018,SRE,1,CI-CD,JP,git_push_commit,Lambda-Function,0,3
2025-06-17 14:19:14,dev-016,SRE,1,CI-CD,IN,iam_attach_role,S3-Bucket,0,1
2025-06-17 11:48:02,dev-038,Senior-Dev,1,CI-CD,UK,cloudformation_deploy,IAM-Role,0,3
2025-06-17 12:30:52,dev-002,SRE,1,CI-CD,JP,git_push_commit,CloudFormation-Stack,0,1
2025-06-17 11:30:19,dev-006,DevOps,1,Console,IN,rds_modify_instance,CloudFormation-Stack,0,2
2025-06-17 19:54:27,dev-024,DevOps,1,CI-CD,DE,git_push_commit,Lambda-Function,0,1
2025-06-17 19:00:03,dev-025,DevOps,1,Console,JP,ebs_create_snapshot,Lambda-Function,0,3
2025-06-17 10:24:49,ci-bot-3,Senior-Dev,1,CI-CD,US,rds_modify_instance,VPC,0,1
2025-06-17 09:08:02,dev-003,SRE,0,CI-CD,UK,rds_modify_instance,IAM-Role,0,4
2025-06-17 10:03:10,dev-017,Senior-Dev,1,CI-CD,IN,ec2_modify_sg,RDS-DB,0,3
2025-06-17 17:55:17,dev-032,Senior-Dev,0,Console,DE,cloudformation_deploy,IAM-Role,0,2
2025-06-17 13:31:28,dev-022,SRE,1,CI-CD,IN,git_pr_merge,CloudFormation-Stack,0,3
2025-06-17 13:29:09,dev-016,Senior-Dev,1,Console,JP,cloudformation_deploy,EC2-Instance,0,1
2025-06-17 09:47:38,dev-017,Developer,1,CI-CD,JP,s3_put_bucket_policy,S3-Bucket,0,2
2025-06-17 03:23:42,dev-026,DevOps,1,Console,DE,s3_put_bucket_policy,S3-Bucket,0,4
2025-06-17 08:48:46,dev-029,Senior-Dev,0,CI-CD,UK,git_push_commit,CloudFormation-Stack,0,1
2025-06-17 09:31:47,dev-042,Developer,1,CI-CD,IN,rds_modify_instance,S3-Bucket,0,1
2025-06-17 19:33:15,dev-016,Developer,1,CI-CD,IN,s3_put_bucket_policy,S3-Bucket,0,4
2025-06-17 13:49:35,dev-027,Senior-Dev,1,CI-CD,UK,iam_attach_role,Lambda-Function,0,1
2025-06-17 13:01:13,dev-038,Senior-Dev,1,Console,JP,s3_put_bucket_policy,EC2-Instance,0,2
2025-06-17 10:26:12,dev-042,Senior-Dev,1,Console,US,cloudformation_deploy,CloudFormation-Stack,0,3
2025-06-17 12:49:50,ci-bot-5,DevOps,1,Console,DE,ec2_modify_sg,EC2-Instance,0,3
2025-06-17 16:43:52,dev-035,SRE,1,CI-CD,US,lambda_update_config,Lambda-Function,0,1
2025-06-17 18:51:59,dev-022,DevOps,1,CI-CD,US,s3_put_bucket_policy,IAM-Role,0,3
2025-06-17 14:24:05,dev-044,Senior-Dev,1,CI-CD,UK,rds_modify_instance,Lambda-Function,0,2
2025-06-17 10:16:59,dev-037,Senior-Dev,1,Console,DE,lambda_update_config,CloudFormation-Stack,0,1
2025-06-17 08:39:22,dev-016,DevOps,1,CI-CD,IN,git_pr_merge,S3-Bucket,0,1
2025-06-17 10:31:22,dev-034,SRE,1,CI-CD,DE,s3_put_bucket_policy,CloudFormation-Stack,0,1
2025-06-17 13:34:02,dev-043,DevOps,1,CI-CD,UK,ec2_modify_sg,VPC,0,3
2025-06-17 08:39:04,dev-016,SRE,0,Console,JP,s3_put_bucket_policy,CloudFormation-Stack,0,1
2025-06-17 11:39:18,dev-045,DevOps,1,CI-CD,US,ebs_create_snapshot,IAM-Role,0,4
2025-06-17 00:47:09,dev-032,Developer,1,Console,US,lambda_update_config,RDS-DB,0,2
2025-06-17 11:04:58,dev-025,SRE,1,CI-CD,IN,s3_put_bucket_policy,Lambda-Function,0,1
2025-06-17 12:36:57,dev-043,Senior-Dev,1,Console,IN,iam_attach_role,Lambda-Function,0,1
2025-06-17 14:52:04,dev-049,DevOps,1,CI-CD,JP,iam_attach_role,S3-Bucket,0,3
2025-06-17 14:41:20,dev-001,DevOps,1,CI-CD,DE,git_pr_merge,S3-Bucket,0,1
2025-06-17 11:28:19,dev-030,SRE,1,CI-CD,DE,ec2_modify_sg,IAM-Role,0,3
2025-06-17 18:56:53,dev-047,Senior-Dev,1,CI-CD,JP,ebs_create_snapshot,S3-Bucket,0,1
2025-06-17 16:09:53,dev-028,Developer,1,CI-CD,JP,git_pr_merge,S3-Bucket,0,4
2025-06-17 10:20:45,dev-019,SRE,1,Console,IN,s3_put_bucket_policy,IAM-Role,0,4
2025-06-17 18:01:05,dev-042,DevOps,1,CI-CD,US,git_push_commit,Lambda-Function,0,3
2025-06-17 08:47:17,dev-016,Senior-Dev,1,CI-CD,IN,s3_put_bucket_policy,VPC,0,4
2025-06-17 08:48:43,dev-028,SRE,1,CI-CD,UK,s3_put_bucket_policy,EC2-Instance,0,4
2025-06-17 13:56:29,dev-009,Developer,1,CI-CD,UK,git_push_commit,S3-Bucket,0,3
2025-06-17 19:15:30,dev-023,DevOps,1,Console,IN,ec2_modify_sg,S3-Bucket,0,2
2025-06-17 13:55:43,dev-039,Senior-Dev,1,CI-CD,IN,iam_attach_role,CloudFormation-Stack,0,3
2025-06-17 14:17:29,dev-041,SRE,1,CI-CD,DE,s3_put_bucket_policy,VPC,0,2
2025-06-17 12:15:06,dev-004,DevOps,1,Console,UK,ec2_modify_sg,EC2-Instance,0,1
2025-06-17 13:11:54,dev-025,DevOps,1,CI-CD,UK,ec2_modify_sg,Lambda-Function,0,1
2025-06-17 11:08:30,dev-043,Developer,1,CI-CD,DE,git_pr_merge,IAM-Role,0,1
2025-06-17 10:38:09,dev-049,Developer,1,Console,JP,ebs_create_snapshot,CloudFormation-Stack,0,4
2025-06-17 19:34:32,dev-022,SRE,1,CI-CD,IN,iam_attach_role,CloudFormation-Stack,0,4
2025-06-17 19:13:54,dev-047,Senior-Dev,1,CI-CD,UK,ebs_create_snapshot,RDS-DB,0,4
2025-06-17 11:08:49,dev-050,Developer,1,CI-CD,JP,git_pr_merge,Lambda-Function,0,1
2025-06-17 15:03:40,dev-001,Senior-Dev,1,Console,DE,s3_put_bucket_policy,VPC,0,1
2025-06-17 12:32:42,dev-041,SRE,1,Console,UK,git_push_commit,IAM-Role,0,2
2025-06-17 10:34:22,dev-021,DevOps,1,Console,IN,iam_attach_role,S3-Bucket,0,2
2025-06-17 14:42:41,dev-024,DevOps,1,CI-CD,UK,lambda_update_config,S3-Bucket,0,3
2025-06-17 19:22:58,dev-038,Developer,1,CI-CD,IN,iam_attach_role,VPC,0,2
2025-06-17 19:46:23,dev-032,DevOps,1,Console,DE,cloudformation_deploy,Lambda-Function,0,3
2025-06-17 19:08:40,dev-049,DevOps,1,CI-CD,DE,ebs_create_snapshot,Lambda-Function,0,4
2025-06-17 18:18:14,dev-044,DevOps,1,Console,US,ebs_create_snapshot,IAM-Role,0,1
2025-06-17 04:22:30,breach-acct-13,Unknown-Role,0,Console,RU,s3_set_bucket_public,CloudFormation-Stack,1,5
2025-06-17 09:53:30,ci-bot-1,Senior-Dev,1,CI-CD,US,git_push_commit,S3-Bucket,0,3
2025-06-17 08:05:02,dev-042,SRE,1,Console,JP,ec2_modify_sg,Lambda-Function,0,3
2025-06-17 07:29:31,dev-008,Senior-Dev,1,CI-CD,DE,iam_attach_role,CloudFormation-Stack,0,2
2025-06-17 18:28:47,dev-013,Senior-Dev,1,CI-CD,IN,lambda_update_config,Lambda-Function,0,4
2025-06-17 06:38:43,dev-021,Senior-Dev,1,CI-CD,US,rds_modify_instance,CloudFormation-Stack,0,4
2025-06-17 08:39:39,dev-040,Senior-Dev,1,CI-CD,IN,ebs_create_snapshot,S3-Bucket,0,1
2025-06-17 15:07:22,dev-031,DevOps,1,CI-CD,DE,iam_attach_role,VPC,0,1
2025-06-17 13:42:18,dev-020,DevOps,1,CI-CD,JP,git_pr_merge,Lambda-Function,0,1
2025-06-17 18:15:27,ci-bot-4,Senior-Dev,1,Console,UK,ebs_create_snapshot,Lambda-Function,0,1
2025-06-17 15:22:09,dev-009,SRE,1,CI-CD,UK,git_push_commit,CloudFormation-Stack,0,3
2025-06-17 16:30:16,dev-003,Senior-Dev,1,Console,US,git_pr_merge,EC2-Instance,0,1
2025-06-17 12:57:41,dev-027,DevOps,1,CI-CD,DE,ebs_create_snapshot,RDS-DB,0,4
2025-06-17 15:34:51,dev-001,DevOps,1,CI-CD,JP,ebs_create_snapshot,Lambda-Function,0,4
2025-06-17 18:29:09,dev-017,Senior-Dev,1,CI-CD,DE,cloudformation_deploy,VPC,0,4
2025-06-17 10:43:59,dev-031,Developer,1,CI-CD,JP,s3_put_bucket_policy,RDS-DB,0,3
2025-06-17 14:31:01,dev-025,DevOps,1,CI-CD,UK,git_push_commit,EC2-Instance,0,4
2025-06-17 10:21:22,dev-029,SRE,1,CI-CD,DE,iam_attach_role,S3-Bucket,0,4
2025-06-17 15:42:23,dev-017,Developer,1,Console,UK,iam_attach_role,EC2-Instance,0,2
2025-06-17 18:15:51,dev-044,Senior-Dev,1,CI-CD,DE,iam_attach_role,Lambda-Function,0,1
2025-06-17 11:09:40,dev-018,DevOps,1,Console,IN,ec2_modify_sg,VPC,0,2
2025-06-17 12:34:23,dev-030,Developer,1,CI-CD,UK,ec2_modify_sg,VPC,0,3
2025-06-17 17:28:40,dev-013,SRE,1,CI-CD,DE,cloudformation_deploy,Lambda-Function,0,2
2025-06-17 13:41:18,dev-046,SRE,1,CI-CD,JP,git_pr_merge,RDS-DB,0,4
2025-06-17 09:32:40,dev-008,Senior-Dev,1,CI-CD,UK,lambda_update_config,S3-Bucket,0,2
2025-06-17 09:58:38,dev-014,Senior-Dev,1,CI-CD,US,iam_attach_role,CloudFormation-Stack,0,3
2025-06-17 19:06:50,dev-038,Senior-Dev,1,Console,JP,git_push_commit,VPC,0,2
2025-06-17 12:10:02,dev-036,DevOps,1,CI-CD,JP,git_pr_merge,IAM-Role,0,1
2025-06-17 18:10:01,dev-002,SRE,1,Console,JP,rds_modify_instance,S3-Bucket,0,1
2025-06-17 14:11:45,dev-039,DevOps,1,CI-CD,UK,rds_modify_instance,S3-Bucket,0,4
2025-06-17 15:54:36,dev-048,Developer,0,CI-CD,UK,cloudformation_deploy,IAM-Role,0,3
2025-06-17 08:15:30,dev-040,Developer,1,Console,IN,lambda_update_config,RDS-DB,0,4
2025-06-17 10:30:09,dev-030,SRE,1,CI-CD,JP,rds_modify_instance,CloudFormation-Stack,0,2
2025-06-17 13:11:28,dev-003,SRE,1,CI-CD,DE,ec2_modify_sg,IAM-Role,0,1
2025-06-17 16:02:25,dev-005,DevOps,1,Console,DE,git_pr_merge,S3-Bucket,0,4
2025-06-17 08:30:07,dev-017,Developer,1,Console,UK,lambda_update_config,CloudFormation-Stack,0,3
2025-06-17 17:08:57,ci-bot-1,SRE,1,CI-CD,JP,git_pr_merge,EC2-Instance,0,1
2025-06-17 11:57:49,dev-038,SRE,1,CI-CD,US,cloudformation_deploy,EC2-Instance,0,1
2025-06-17 15:54:07,dev-031,Developer,1,CI-CD,IN,s3_put_bucket_policy,Lambda-Function,0,2
2025-06-17 12:06:32,ci-bot-4,DevOps,1,Console,US,lambda_update_config,Lambda-Function,0,4
2025-06-17 02:06:26,dev-038,DevOps,1,CI-CD,UK,cloudformation_deploy,CloudFormation-Stack,0,3
2025-06-17 04:10:12,dev-023,DevOps,1,CI-CD,UK,cloudformation_deploy,EC2-Instance,0,4
2025-06-17 03:56:13,ci-bot-2,Senior-Dev,1,CI-CD,IN,rds_modify_instance,RDS-DB,0,3
2025-06-17 12:41:03,ci-bot-1,Senior-Dev,1,CI-CD,JP,s3_put_bucket_policy,VPC,0,1
2025-06-17 18:15:02,dev-037,Developer,1,CI-CD,JP,iam_attach_role,Lambda-Function,0,2
2025-06-17 14:04:38,dev-007,DevOps,1,CI-CD,US,s3_put_bucket_policy,IAM-Role,0,2
2025-06-17 08:56:59,ci-bot-1,DevOps,1,Console,DE,git_push_commit,CloudFormation-Stack,0,2
2025-06-17 14:50:15,dev-001,Developer,1,CI-CD,IN,iam_attach_role,EC2-Instance,0,1
2025-06-17 07:06:51,dev-001,Senior-Dev,1,CI-CD,US,ebs_create_snapshot,S3-Bucket,0,4
2025-06-17 08:44:27,dev-024,Developer,1,CI-CD,US,ebs_create_snapshot,CloudFormation-Stack,0,2
2025-06-17 19:24:30,dev-017,Senior-Dev,1,CI-CD,DE,ebs_create_snapshot,Lambda-Function,0,3
2025-06-17 15:44:25,dev-043,DevOps,1,Console,IN,git_pr_merge,RDS-DB,0,4
2025-06-17 10:31:27,dev-009,SRE,1,CI-CD,US,ebs_create_snapshot,RDS-DB,0,4
2025-06-17 12:35:07,dev-011,Senior-Dev,1,CI-CD,US,iam_attach_role,EC2-Instance,0,2
2025-06-17 08:15:02,dev-031,SRE,1,CI-CD,US,rds_modify_instance,CloudFormation-Stack,0,4
2025-06-17 17:33:18,dev-030,DevOps,1,Console,IN,lambda_update_config,Lambda-Function,0,4
2025-06-17 11:51:52,dev-020,DevOps,1,Console,JP,ec2_modify_sg,IAM-Role,0,2
2025-06-17 19:56:47,dev-050,DevOps,1,Console,UK,ec2_modify_sg,Lambda-Function,0,3
2025-06-17 08:38:49,dev-025,Developer,1,CI-CD,JP,ebs_create_snapshot,IAM-Role,0,1
2025-06-17 15:05:57,dev-033,DevOps,1,CI-CD,IN,cloudformation_deploy,Lambda-Function,0,1
2025-06-17 18:16:29,dev-017,Developer,1,CI-CD,DE,rds_modify_instance,IAM-Role,0,1
2025-06-17 18:48:22,dev-020,Senior-Dev,1,CI-CD,DE,git_push_commit,EC2-Instance,0,1
2025-06-17 13:19:58,dev-001,Senior-Dev,1,Console,US,ebs_create_snapshot,IAM-Role,0,2
2025-06-17 11:45:21,dev-007,DevOps,1,CI-CD,IN,s3_put_bucket_policy,CloudFormation-Stack,0,4
2025-06-17 18:32:31,dev-050,DevOps,1,CI-CD,DE,ebs_create_snapshot,RDS-DB,0,2
2025-06-17 10:51:27,dev-027,DevOps,1,Console,IN,git_pr_merge,S3-Bucket,0,4
2025-06-17 18:03:35,dev-004,SRE,1,CI-CD,IN,cloudformation_deploy,IAM-Role,0,1
2025-06-17 08:02:30,dev-047,Developer,1,CI-CD,US,ebs_create_snapshot,Lambda-Function,0,2
2025-06-17 14:11:31,dev-041,Senior-Dev,1,CI-CD,UK,iam_attach_role,EC2-Instance,0,4
2025-06-17 10:27:08,dev-003,SRE,1,Console,US,git_pr_merge,IAM-Role,0,2
2025-06-17 15:18:40,dev-012,Developer,1,Console,US,git_push_commit,S3-Bucket,0,4
2025-06-17 15:21:35,dev-050,DevOps,1,CI-CD,JP,s3_put_bucket_policy,S3-Bucket,0,2
2025-06-17 17:29:04,dev-008,DevOps,1,CI-CD,IN,lambda_update_config,RDS-DB,0,2
2025-06-17 14:19:25,dev-043,SRE,1,Console,US,iam_attach_role,EC2-Instance,0,2
2025-06-17 17:53:54,dev-025,SRE,1,Console,US,rds_modify_instance,RDS-DB,0,3
2025-06-17 00:59:29,dev-040,DevOps,1,CI-CD,JP,git_pr_merge,EC2-Instance,0,3
2025-06-17 17:27:05,dev-005,SRE,1,CI-CD,US,cloudformation_deploy,Lambda-Function,0,3
2025-06-17 14:56:25,dev-048,DevOps,1,CI-CD,UK,ebs_create_snapshot,RDS-DB,0,4
2025-06-17 14:57:03,dev-011,DevOps,1,CI-CD,JP,git_push_commit,Lambda-Function,0,4
2025-06-17 08:16:50,ci-bot-2,SRE,1,CI-CD,US,ebs_create_snapshot,CloudFormation-Stack,0,1
2025-06-17 19:45:31,dev-049,DevOps,1,Console,US,rds_modify_instance,S3-Bucket,0,4
2025-06-17 13:34:28,dev-004,Senior-Dev,1,Console,US,s3_put_bucket_policy,Lambda-Function,0,1
2025-06-17 12:46:12,dev-031,SRE,1,CI-CD,IN,git_pr_merge,VPC,0,4
2025-06-17 01:29:39,dev-039,Developer,1,Console,UK,s3_put_bucket_policy,S3-Bucket,0,2
2025-06-17 14:54:35,dev-050,Developer,1,CI-CD,DE,ec2_modify_sg,IAM-Role,0,3
2025-06-17 12:58:38,dev-022,DevOps,1,CI-CD,UK,rds_modify_instance,RDS-DB,0,2
2025-06-17 15:43:42,dev-006,DevOps,1,CI-CD,IN,rds_modify_instance,S3-Bucket,0,3
2025-06-17 18:52:32,dev-039,Senior-Dev,1,CI-CD,JP,cloudformation_deploy,S3-Bucket,0,2
2025-06-17 18:02:38,dev-049,Senior-Dev,1,CI-CD,JP,ebs_create_snapshot,VPC,0,3
2025-06-17 09:44:46,dev-033,Senior-Dev,1,Console,UK,lambda_update_config,S3-Bucket,0,2
2025-06-17 13:56:46,dev-012,DevOps,1,CI-CD,JP,lambda_update_config,S3-Bucket,0,2
2025-06-17 01:33:32,unknown-777,Unknown-Role,0,Console,KP,iam_create_mfa_delete_policy,Lambda-Function,1,5
2025-06-17 10:44:36,dev-007,DevOps,1,CI-CD,UK,git_push_commit,RDS-DB,0,3
2025-06-17 13:35:20,dev-018,Senior-Dev,1,Console,IN,lambda_update_config,IAM-Role,0,1
2025-06-17 16:21:38,dev-012,DevOps,1,CI-CD,DE,git_push_commit,EC2-Instance,0,1
2025-06-17 07:09:20,dev-046,Senior-Dev,1,CI-CD,UK,git_pr_merge,RDS-DB,0,1
2025-06-17 11:11:52,dev-048,DevOps,1,CI-CD,US,ec2_modify_sg,Lambda-Function,0,4
2025-06-17 13:10:40,dev-006,SRE,1,CI-CD,UK,s3_put_bucket_policy,EC2-Instance,0,3
2025-06-17 15:54:31,dev-011,Developer,1,CI-CD,DE,git_push_commit,S3-Bucket,0,2
2025-06-17 16:46:18,dev-019,Senior-Dev,1,CI-CD,US,iam_attach_role,EC2-Instance,0,1
2025-06-17 09:59:23,ci-bot-4,SRE,1,CI-CD,IN,s3_put_bucket_policy,S3-Bucket,0,4
2025-06-17 19:04:00,dev-014,DevOps,1,Console,JP,ec2_modify_sg,EC2-Instance,0,4
2025-06-17 19:40:20,dev-046,Developer,1,CI-CD,IN,cloudformation_deploy,RDS-DB,0,3
2025-06-17 12:40:26,dev-025,DevOps,1,Console,US,cloudformation_deploy,VPC,0,3
2025-06-17 18:59:47,dev-018,Senior-Dev,1,CI-CD,UK,ec2_modify_sg,CloudFormation-Stack,0,3
2025-06-17 10:02:30,dev-017,Senior-Dev,1,CI-CD,JP,ec2_modify_sg,Lambda-Function,0,3
